title,author,genre,publisher,price,rating,reviews_count,sales_rank,year
Essential AI Trilogy,Robert Kiyosaki,Fantasy,Penguin Random House,17.48,5.0,1858,1028,2018
Advanced Meditation Saga,Alex Michaelides,Fiction,Amazon KDP,13.83,4.6,2198,2206,2011
Forgotten Fitness Guide,James Clear,Mystery,Macmillan,12.65,4.3,1011,621,2023
Advanced War Masterclass,J.K. Rowling,Biography,Amazon KDP,16.21,3.9,20,8521,2020
Machine Learning Collection,Agatha Christie,Fiction,HarperCollins,9.94,3.5,227,1776,2021
Past Design Framework,Robert Kiyosaki,Romance,Amazon KDP,22.33,3.5,1021,1047,2012
Future History Bible,Malcolm Gladwell,Mystery,HarperCollins,17.28,4.4,165,1915,2011
Dark Love Chronicles,Yuval Noah Harari,Health,HarperCollins,12.0,5.0,241,2264,2022
Data Science Chronicles,Dale Carnegie,Technology,Macmillan,24.93,3.6,656,3466,2018
Dark Marketing Secrets,Yuval Noah Harari,Romance,Simon & Schuster,16.04,4.3,81,3246,2024
Mystery Principles,Tim Ferriss,Fantasy,Penguin Random House,18.69,4.0,475,1871,2017
Hidden Time Story,Malcolm Gladwell,Fiction,Indie Pub,7.61,4.7,224,2808,2016
Leadership Workbook,Stephen King,Science,Macmillan,26.72,4.0,895,1544,2018
The Ultimate AI Story,Yuval Noah Harari,Technology,Simon & Schuster,26.62,4.7,2305,1216,2025
Forgotten Time Saga,J.K. Rowling,Fantasy,Amazon KDP,10.8,4.7,610,2282,2012
Secret Fitness System,Delia Owens,Science,Penguin Random House,22.6,3.6,153,2160,2013
Bright Fitness Saga,Simon Sinek,Fiction,Amazon KDP,19.06,4.7,717,1296,2015
Gardening Story,J.K. Rowling,Biography,HarperCollins,16.81,5.0,532,2695,2019
Complete Love Methods,J.K. Rowling,Technology,,24.82,4.6,59,1230,2020
Lost Data Science Trilogy,Michelle Obama,Self-Help,Macmillan,15.44,3.2,1030,1063,2012
Business Journal,Stephen King,Biography,Simon & Schuster,13.9,4.2,5573,786,2025
Dark Love Collection,Delia Owens,Self-Help,Macmillan,10.96,4.4,998,2502,2019
Beginner's Python Trilogy,George R.R. Martin,Romance,,12.35,4.7,664,1659,2017
Dark Machine Learning Secrets,Alex Michaelides,Self-Help,Macmillan,11.49,3.5,293,2301,2010
Modern Money Strategies,Michelle Obama,Fiction,Indie Pub,16.48,4.4,1057,950,2012
Gardening Masterclass,Stephen King,Romance,O'Reilly Media,22.92,3.8,650,1091,2017
Past Machine Learning Masterclass,Neil Gaiman,Fiction,Indie Pub,14.19,4.3,5148,1280,2023
Advanced Marketing Collection,Agatha Christie,Non-Fiction,,16.29,4.2,71,2061,2013
Past Data Science Collection,Neil Gaiman,Business,Simon & Schuster,25.3,4.4,818,1007,2018
Secret Python Bible,Delia Owens,Biography,HarperCollins,19.83,4.6,834,3755,2011
Advanced Mystery Handbook,Yuval Noah Harari,Biography,Simon & Schuster,18.96,3.5,2106,1930,2023
Future Time Methods,Agatha Christie,Business,Penguin Random House,27.93,3.9,348,1065,2022
Advanced Machine Learning Trilogy,Delia Owens,Cooking,O'Reilly Media,30.5,4.2,84,2504,2014
Secret Business Chronicles,Tim Ferriss,Non-Fiction,Penguin Random House,9.69,5.0,237,1681,2011
Complete Meditation Workbook,Tara Westover,Non-Fiction,HarperCollins,11.08,3.6,982,2295,2015
Hidden Leadership Saga,Alex Michaelides,Fiction,Macmillan,16.14,4.3,152,1313,2011
Hidden Cooking Methods,Brene Brown,Technology,Macmillan,26.3,3.5,190,1523,2020
Forgotten AI Bible,Tim Ferriss,History,HarperCollins,22.61,4.4,718,1787,2010
Meditation Framework,Malcolm Gladwell,Romance,Hachette,11.6,3.8,732,1829,2014
Future Business Guide,J.K. Rowling,Science,O'Reilly Media,49.33,4.5,211,1439,2019
AI Masterclass,Delia Owens,Fantasy,Hachette,10.13,3.8,2094,1521,2013
Advanced War Strategies,Delia Owens,Science Fiction,Simon & Schuster,19.82,5.0,1325,1716,2018
Data Science Journal,Brene Brown,Fantasy,O'Reilly Media,28.77,3.8,143,2863,2018
Essential Fitness Chronicles,Brene Brown,Health,Penguin Random House,14.61,4.6,749,1759,2010
Bright Cooking Trilogy,George R.R. Martin,Science Fiction,Amazon KDP,15.07,5.0,606,1264,2010
Modern Love Handbook,Dale Carnegie,Non-Fiction,Simon & Schuster,18.13,4.4,181,1891,2023
Secret Space Story,Malcolm Gladwell,Technology,Macmillan,23.88,4.2,1031,1555,2013
Bright War Journal,J.K. Rowling,Self-Help,Simon & Schuster,10.77,4.6,254,2518,2023
Machine Learning Anthology,Yuval Noah Harari,Biography,Hachette,16.07,4.4,298,3986,2015
Future Meditation Secrets,Malcolm Gladwell,Self-Help,O'Reilly Media,25.58,3.6,562,1884,2021
Complete Fitness Framework,Malcolm Gladwell,Non-Fiction,Amazon KDP,16.79,4.7,1808,1633,2020
Fitness Chronicles,Tara Westover,Fantasy,Amazon KDP,8.11,4.5,522,3200,2020
Beginner's War Journal,Brene Brown,Mystery,Penguin Random House,17.58,5.0,2248,787,2013
Machine Learning Journal,Tara Westover,Mystery,HarperCollins,19.77,4.6,459,1586,2022
Dark War System,Tara Westover,Non-Fiction,Macmillan,11.14,4.2,278,2209,2021
Beginner's Mystery Methods,Robert Kiyosaki,Fantasy,Hachette,26.57,3.4,1244,1596,2019
Hidden Baking Methods,Stephen King,Romance,Macmillan,12.64,4.0,1511,705,2023
Hidden Leadership System,Delia Owens,Cooking,Penguin Random House,11.42,4.3,306,1572,2019
Future Baking Bible,George R.R. Martin,History,O'Reilly Media,35.23,4.5,3154,2705,2016
History Secrets,Tara Westover,Science,Indie Pub,14.87,4.6,277,1861,2012
Lost Design Bible,Malcolm Gladwell,Biography,Simon & Schuster,16.04,4.6,790,2096,2010
Advanced Cooking Guide,Neil Gaiman,History,,9.0,3.9,455,1364,2022
Bright Business Collection,Robert Kiyosaki,Biography,Amazon KDP,23.83,5.0,306,925,2017
Future Time Saga,Delia Owens,Non-Fiction,Macmillan,25.61,4.0,154,1415,2013
Bright Business Journal,Brand New Author,Romance,Indie Pub,21.33,4.6,870,1790,2024
Fitness Secrets,Delia Owens,Health,O'Reilly Media,25.37,3.7,19,2048,2015
Complete History Secrets,Brene Brown,Health,O'Reilly Media,28.74,3.5,1281,3992,2017
Advanced Mystery Story,Tim Ferriss,Science,Indie Pub,22.8,3.5,2223,1900,2012
Secret Time Journal,Malcolm Gladwell,Science Fiction,HarperCollins,20.82,4.4,263,1424,2023
Python Workbook,Malcolm Gladwell,Non-Fiction,Amazon KDP,16.0,4.0,407,2631,2022
Space Trilogy,James Clear,History,Indie Pub,15.57,3.9,5531,883,2019
Hidden Money Guide,Delia Owens,Science Fiction,Macmillan,25.67,4.5,523,1640,2025
Forgotten Marketing: The Guide,Tim Ferriss,Cooking,Amazon KDP,16.4,4.0,548,1480,2015
Essential Time Chronicles,Alex Michaelides,Cooking,Penguin Random House,12.05,3.9,957,1492,2012
Beginner's War Workbook,Brene Brown,Non-Fiction,Amazon KDP,19.5,4.5,1265,1781,2020
Bright Marketing Handbook,Neil Gaiman,Science,Hachette,20.86,4.5,819,2577,2012
Advanced Python: The Story,Yuval Noah Harari,Technology,HarperCollins,24.9,3.9,1878,1910,2011
Advanced Time Principles,Stephen King,Self-Help,O'Reilly Media,32.74,4.7,771,1042,2013
History Masterclass,Dale Carnegie,Biography,Simon & Schuster,19.13,4.2,2445,1508,2013
Bright Gardening Bible,James Clear,Mystery,Hachette,23.41,4.1,1297,1066,2022
AI Handbook,Yuval Noah Harari,Mystery,HarperCollins,15.48,5.0,273,1615,2019
Dark War Guide,Delia Owens,Technology,Amazon KDP,19.97,4.6,1773,1794,2021
Beginner's Time Story,Neil Gaiman,Health,O'Reilly Media,33.12,3.8,618,1598,2013
Past Leadership Principles,J.K. Rowling,Cooking,Hachette,15.38,4.1,1496,1771,2025
Time Workbook,Yuval Noah Harari,Technology,HarperCollins,20.87,3.9,658,2295,2018
Advanced Love Principles,James Clear,Technology,O'Reilly Media,35.89,4.2,1339,953,2020
Advanced Data Science Secrets,Brene Brown,Technology,Hachette,22.64,3.5,128,1830,2010
Dark Money Collection,Neil Gaiman,Science Fiction,O'Reilly Media,26.41,4.9,624,2186,2017
Bright Meditation Methods,James Clear,Biography,HarperCollins,19.29,3.7,949,1033,2019
Beginner's Space Trilogy,Alex Michaelides,Fantasy,,14.91,3.8,886,1556,2025
Advanced AI Strategies,Dale Carnegie,Technology,O'Reilly Media,42.6,4.4,544,1648,2018
Lost Fitness Saga,Robert Kiyosaki,Technology,Simon & Schuster,28.45,4.2,1150,1087,2016
Beginner's Baking Methods,Simon Sinek,Mystery,HarperCollins,15.49,4.4,353,2895,2016
The Ultimate Marketing Methods,Delia Owens,Non-Fiction,Simon & Schuster,27.26,3.8,5958,1445,2018
Money Anthology,Stephen King,Science Fiction,O'Reilly Media,34.36,4.1,9261,964,2013
Past Money Masterclass,Tim Ferriss,History,Simon & Schuster,10.8,3.9,45,2630,2011
Dark Machine Learning Story,Colleen Hoover,Health,Amazon KDP,11.2,5.0,1731,812,2025
Space Secrets,Alex Michaelides,Business,Hachette,29.75,4.4,156,2599,2012
Leadership Journal,Tara Westover,Biography,Amazon KDP,8.4,4.3,3468,937,2024
Gardening Principles,Alex Michaelides,Science,Penguin Random House,16.43,4.8,687,1297,2013
Complete Baking Guide,Colleen Hoover,Fantasy,,7.03,4.5,1186,847,2017
Modern History Collection,George R.R. Martin,Cooking,,27.75,4.1,214,1601,2019
Secret Meditation Story,Yuval Noah Harari,Fiction,Hachette,15.6,3.6,1228,1658,2016
Modern Design Methods,Stephen King,Science,HarperCollins,17.33,4.1,1750,796,2011
Modern Business Trilogy,Robert Kiyosaki,History,O'Reilly Media,37.76,4.5,3327,977,2019
Design Principles,George R.R. Martin,History,HarperCollins,25.3,4.7,663,1174,2011
Fitness Handbook,Colleen Hoover,Non-Fiction,Macmillan,18.23,4.8,485,785,2010
Leadership Journal,J.K. Rowling,Biography,O'Reilly Media,35.29,3.2,106,2871,2024
Beginner's War Masterclass,Walter Isaacson,Fantasy,HarperCollins,13.65,4.2,3789,1185,2025
Modern Mystery Trilogy,J.K. Rowling,Health,Indie Pub,23.14,4.2,77,2358,2023
Complete Mystery Saga,George R.R. Martin,Non-Fiction,HarperCollins,16.92,4.2,62,2026,2020
Secret Love Anthology,James Clear,Health,O'Reilly Media,23.48,4.0,1924,749,2023
Essential History Collection,George R.R. Martin,Fantasy,Penguin Random House,12.43,4.7,270,3470,2016
Meditation Chronicles,Walter Isaacson,Science Fiction,HarperCollins,10.07,3.8,353,1664,2010
Past AI Collection,Delia Owens,Science,Penguin Random House,24.46,3.6,283,2028,2023
Modern Space Anthology,Stephen King,Fiction,O'Reilly Media,39.82,4.6,500,992,2019
Forgotten Business Story,Yuval Noah Harari,History,O'Reilly Media,29.44,4.6,842,2193,2014
Future Business Principles,Colleen Hoover,Health,Hachette,12.35,3.3,823,921,2023
Money Story,James Clear,Health,Hachette,7.42,4.4,6597,785,2019
Future Marketing Workbook,Delia Owens,History,O'Reilly Media,32.88,4.8,12219,1778,2021
Advanced Space Handbook,Tim Ferriss,History,Macmillan,14.36,4.3,61,3237,2017
Cooking Anthology,Walter Isaacson,Technology,Amazon KDP,21.22,3.7,112,4639,2022
Business Collection,Stephen King,Non-Fiction,Indie Pub,23.44,5.0,1166,850,2013
Future Fitness System,Stephen King,Non-Fiction,Amazon KDP,15.39,4.5,3796,1208,2014
Mystery System,Agatha Christie,Mystery,HarperCollins,9.81,3.5,192,2164,2020
Dark History Secrets,Walter Isaacson,Fantasy,Penguin Random House,19.63,4.5,217,1133,2012
AI Collection,Colleen Hoover,Science Fiction,Amazon KDP,11.75,3.8,499,1107,2013
The Ultimate History Framework,Simon Sinek,Business,Penguin Random House,30.24,4.2,437,2995,2011
Forgotten Baking Chronicles,Neil Gaiman,Technology,Simon & Schuster,23.81,4.6,178,3139,2017
Forgotten Cooking Secrets,Colleen Hoover,Business,Amazon KDP,27.5,4.6,888,1243,2017
Future Time Methods,Brene Brown,History,O'Reilly Media,21.65,4.5,313,1642,2018
Beginner's Leadership Methods,Delia Owens,Fantasy,Simon & Schuster,11.18,4.2,27,7193,2012
Mystery Anthology,Neil Gaiman,Fantasy,Hachette,16.3,3.4,983,1926,2024
Bright History Guide,Yuval Noah Harari,Fiction,Amazon KDP,14.67,4.2,290,1792,2021
Dark Machine Learning Anthology,Agatha Christie,Health,Hachette,10.7,3.9,1157,2363,2010
Advanced Design Principles,Simon Sinek,Health,Macmillan,19.18,4.9,465,3648,2021
Lost Machine Learning Framework,Stephen King,Fantasy,HarperCollins,4.99,4.1,1140,1560,2011
Hidden Baking Strategies,Stephen King,Science Fiction,HarperCollins,16.86,4.1,958,1137,2019
Money Methods,Delia Owens,Business,Indie Pub,30.84,4.0,772,1815,2018
Meditation Workbook,Tim Ferriss,Science Fiction,HarperCollins,12.56,4.0,910,1630,2024
Marketing Masterclass,Delia Owens,Health,Indie Pub,16.45,4.0,2186,1092,2012
Complete Meditation: The Anthology,Dale Carnegie,History,Hachette,21.01,3.7,54,2390,2022
Dark Time Methods,Brand New Author,Non-Fiction,Indie Pub,5.65,5.0,233,4353,2017
The Ultimate History Anthology,Neil Gaiman,Fantasy,HarperCollins,21.63,3.1,1045,2192,2014
Beginner's Marketing Journal,Robert Kiyosaki,Fiction,Macmillan,16.18,5.0,263,866,2014
Fitness Handbook,Stephen King,Mystery,Amazon KDP,16.69,5.0,1726,1090,2013
Advanced Love Masterclass,Dale Carnegie,Science Fiction,Macmillan,15.91,3.8,473,1333,2024
Advanced AI Collection,Dale Carnegie,Fantasy,Indie Pub,19.15,4.0,353,3041,2011
Cooking Strategies,Malcolm Gladwell,Fiction,Penguin Random House,17.39,3.9,1599,1764,2011
Cooking Guide,Delia Owens,Fiction,Macmillan,13.65,4.4,387,1654,2016
Python Story,Stephen King,Science,Simon & Schuster,28.78,4.9,1945,1226,2018
Modern Machine Learning Story,Dale Carnegie,Non-Fiction,Macmillan,17.07,3.6,403,1142,2020
Future Love Saga,Neil Gaiman,Science Fiction,HarperCollins,6.11,4.2,1152,1668,2012
Business Methods,Robert Kiyosaki,Mystery,O'Reilly Media,31.4,4.3,8941,1290,2017
AI Anthology,James Clear,History,Penguin Random House,15.55,4.6,2176,743,2025
Essential Data Science Story,George R.R. Martin,Science Fiction,HarperCollins,11.05,4.9,3902,1682,2012
Time Saga,Brand New Author,Science,Indie Pub,32.97,4.1,147,2514,2022
Marketing Strategies,Neil Gaiman,Mystery,HarperCollins,15.28,5.0,132,1391,2013
Lost Mystery Journal,George R.R. Martin,Cooking,Macmillan,14.21,3.4,223,1627,2023
Modern Love Story,Robert Kiyosaki,Science Fiction,Indie Pub,19.12,3.9,334,823,2023
AI Framework,Walter Isaacson,Fantasy,HarperCollins,13.32,3.4,643,1199,2012
Hidden Love Journal,Stephen King,Biography,Penguin Random House,13.77,4.2,63,1057,2020
Forgotten Business Strategies,Michelle Obama,Health,Hachette,13.85,5.0,7237,877,2019
Secret Love Masterclass,Walter Isaacson,Business,,23.66,4.2,3653,3588,2013
Past Design: The Trilogy,Brene Brown,Biography,Macmillan,15.07,4.1,847,1438,2023
Bright History System,Brand New Author,Non-Fiction,Hachette,12.13,3.9,378,2559,2010
Hidden Data Science Story,James Clear,Technology,,21.44,5.0,791,979,2014
Lost War Chronicles,James Clear,Science Fiction,HarperCollins,4.99,3.5,3540,982,2016
Design Handbook,Simon Sinek,Technology,Indie Pub,23.29,3.8,104,2349,2012
Lost Design Collection,Colleen Hoover,Fantasy,Hachette,9.45,5.0,3952,644,2024
Complete History Anthology,Brene Brown,Cooking,Macmillan,18.61,4.4,162,3647,2013
Forgotten Machine Learning Guide,Simon Sinek,Romance,Penguin Random House,8.89,4.0,741,1060,2017
AI Guide,Simon Sinek,Self-Help,Macmillan,18.55,4.8,619,1125,2014
Bright Meditation Saga,Neil Gaiman,History,Simon & Schuster,9.59,4.0,1127,1604,2014
Python Collection,Dale Carnegie,Romance,HarperCollins,16.63,4.1,629,4003,2022
AI Workbook,Tim Ferriss,Fiction,Amazon KDP,12.39,3.5,350,1408,2022
Complete Space: The Masterclass,Tim Ferriss,Non-Fiction,Simon & Schuster,7.22,5.0,228,1217,2024
Modern War Secrets,Neil Gaiman,Self-Help,Amazon KDP,4.99,4.2,789,1564,2012
Advanced Love Framework,J.K. Rowling,Technology,HarperCollins,22.28,4.8,558,1724,2013
Advanced Baking Story,Stephen King,Science Fiction,Macmillan,15.57,4.5,716,970,2013
Forgotten Leadership Collection,Colleen Hoover,Biography,Simon & Schuster,16.54,4.6,222,1165,2025
Complete Money Collection,Alex Michaelides,Fantasy,Indie Pub,15.85,4.4,471,2158,2020
Complete History Collection,Simon Sinek,Fantasy,Hachette,12.3,3.7,418,2904,2011
Data Science Saga,Michelle Obama,History,Penguin Random House,17.04,4.4,1845,1516,2021
Gardening System,George R.R. Martin,Cooking,Penguin Random House,16.28,4.7,4741,1115,2024
Future War Bible,Walter Isaacson,Mystery,Simon & Schuster,10.8,4.2,130,4096,2011
Secret Business: The Chronicles,J.K. Rowling,Romance,Penguin Random House,17.59,3.8,427,2818,2017
Beginner's Design Handbook,Dale Carnegie,Technology,Hachette,21.94,3.5,86,4573,2022
Dark Mystery Methods,Tim Ferriss,Biography,HarperCollins,10.12,5.0,275,1407,2020
Dark Cooking Framework,Brand New Author,Science,Simon & Schuster,27.47,4.6,227,1862,2020
Hidden War Story,Agatha Christie,Science,Simon & Schuster,22.12,4.2,6784,1906,2012
The Ultimate Love Methods,Tara Westover,Fantasy,HarperCollins,25.75,5.0,540,1787,2023
Essential Cooking Bible,Malcolm Gladwell,Business,Indie Pub,26.87,4.2,2156,941,2025
Design Workbook,Robert Kiyosaki,Science,Penguin Random House,28.16,3.7,2224,837,2020
Love Secrets,J.K. Rowling,Business,Simon & Schuster,21.36,4.5,418,2219,2015
Advanced History Anthology,Brand New Author,History,Hachette,15.89,4.5,633,2309,2024
Modern Mystery Saga,Malcolm Gladwell,Health,Indie Pub,17.8,4.4,2109,1091,2024
Fitness Handbook,Neil Gaiman,Romance,Simon & Schuster,14.65,4.3,257,5959,2016
AI Methods,Walter Isaacson,Fantasy,Indie Pub,16.36,4.7,82,4087,2013
Space Bible,J.K. Rowling,Fiction,Hachette,19.8,4.2,860,1195,2024
Hidden Business Framework,George R.R. Martin,Self-Help,Indie Pub,500.0,4.0,436,2520,2010
Beginner's AI System,Agatha Christie,Self-Help,HarperCollins,12.83,4.0,547,2282,2021
Past Money Story,Stephen King,Biography,Simon & Schuster,21.28,4.0,681,1217,2011
Gardening Story,Walter Isaacson,Biography,O'Reilly Media,37.23,3.5,1513,1854,2010
AI Handbook,Brand New Author,Romance,Amazon KDP,16.34,4.7,736,1475,2013
Lost Design Trilogy,Neil Gaiman,Self-Help,O'Reilly Media,27.41,4.0,7789,1278,2012
The Ultimate Design Framework,Tara Westover,Non-Fiction,Macmillan,17.77,3.9,3837,1264,2014
Complete Business Framework,Alex Michaelides,Self-Help,Amazon KDP,12.9,3.7,115,2254,2015
Mystery Framework,Tara Westover,Fiction,Penguin Random House,9.98,4.3,334,2886,2022
Bright AI System,James Clear,Science,Indie Pub,32.75,4.1,2141,1249,2012
Time Anthology,Michelle Obama,Business,Indie Pub,24.75,4.7,369,881,2020
The Ultimate History: The Strategies,J.K. Rowling,Fantasy,Simon & Schuster,20.83,5.0,799,1670,2012
Marketing Anthology,Malcolm Gladwell,Non-Fiction,Penguin Random House,11.81,3.9,211,2539,2020
Future Machine Learning System,Michelle Obama,Science,Macmillan,21.81,4.2,5123,807,2019
Mystery System,Robert Kiyosaki,Science,Indie Pub,20.84,4.8,745,772,2023
Data Science Journal,Walter Isaacson,Business,O'Reilly Media,41.01,5.0,46,100000,2021
Complete War Methods,Neil Gaiman,Fiction,Simon & Schuster,11.94,4.4,562,2367,2019
Beginner's Time Handbook,George R.R. Martin,Science,Amazon KDP,28.29,3.8,755,1108,2015
Future Machine Learning Bible,Dale Carnegie,Science Fiction,Amazon KDP,13.1,5.0,342,2826,2018
Design Collection,Agatha Christie,Fantasy,Indie Pub,12.41,4.8,535,1835,2015
Mystery Handbook,Stephen King,Non-Fiction,,27.63,4.7,547,1118,2017
Future Data Science Story,Stephen King,Mystery,,33.41,4.3,2455,730,2021
Advanced AI Guide,Dale Carnegie,Romance,Amazon KDP,17.95,4.8,2320,978,2020
Fitness Collection,J.K. Rowling,Science Fiction,O'Reilly Media,35.33,4.5,2923,1362,2022
Essential Data Science Collection,Brand New Author,Self-Help,Hachette,14.16,3.8,2437,1371,2025
Bright Data Science Trilogy,George R.R. Martin,Business,HarperCollins,26.84,4.8,433,2373,2020
Dark Baking: The Framework,Simon Sinek,Romance,Hachette,15.96,4.6,130,1963,2015
Money Guide,Yuval Noah Harari,Romance,,18.23,4.6,906,811,2016
Design Bible,Delia Owens,Technology,Indie Pub,31.25,4.6,923,984,2024
Future Space Bible,Simon Sinek,Fiction,,23.04,4.3,471,1356,2025
Secret Love Story,Tim Ferriss,Business,HarperCollins,30.37,3.8,565,2021,2024
Past Machine Learning Masterclass,Delia Owens,Health,Simon & Schuster,20.98,4.4,111,5118,2014
Bright Meditation Framework,Stephen King,Romance,Hachette,22.83,5.0,566,1013,2015
Secret Fitness Story,Simon Sinek,Romance,HarperCollins,7.76,3.9,93,16600,2018
Forgotten Cooking Chronicles,Simon Sinek,Fantasy,HarperCollins,9.89,3.9,818,1558,2015
Machine Learning Principles,Brand New Author,Fantasy,Indie Pub,8.6,4.2,1292,1482,2011
Dark Marketing Methods,Malcolm Gladwell,Fantasy,Amazon KDP,24.23,3.9,62,3496,2010
History Collection,Simon Sinek,Fantasy,O'Reilly Media,29.77,4.4,431,1822,2017
Lost Gardening System,Michelle Obama,Fiction,Simon & Schuster,8.74,5.0,1371,671,2024
Mystery Story,Stephen King,Mystery,Indie Pub,16.71,4.7,1929,916,2020
Complete Fitness Collection,Dale Carnegie,Biography,HarperCollins,18.21,4.6,932,1305,2020
Hidden Design Journal,Stephen King,Self-Help,HarperCollins,14.55,5.0,654,776,2011
Essential Money Saga,J.K. Rowling,Self-Help,Indie Pub,14.8,3.9,243,4676,2020
Hidden Business Collection,Walter Isaacson,History,Hachette,19.2,3.3,364,1756,2025
Lost Design Anthology,Malcolm Gladwell,Self-Help,Indie Pub,12.74,4.6,3,65685,2011
Modern Love Workbook,Delia Owens,Science,Penguin Random House,28.93,4.2,222,1709,2013
Advanced Love Trilogy,Michelle Obama,Technology,Amazon KDP,24.98,4.6,3455,1301,2011
Design Masterclass,Colleen Hoover,Science,Amazon KDP,23.9,3.5,1484,829,2024
Love Story,Robert Kiyosaki,Business,Amazon KDP,23.76,4.1,317,1157,2021
Essential War Anthology,Brand New Author,Self-Help,Amazon KDP,23.99,4.5,354,1591,2011
Forgotten War Chronicles,George R.R. Martin,Romance,Simon & Schuster,22.0,3.9,727,1460,2014
Secret Marketing Anthology,Brand New Author,Cooking,Hachette,18.49,4.5,1416,1728,2020
AI Journal,Alex Michaelides,Science Fiction,Hachette,20.25,4.3,2213,1686,2025
Dark Leadership Secrets,Simon Sinek,Mystery,Penguin Random House,25.38,4.3,3189,1778,2025
Bright Design Workbook,Michelle Obama,Science Fiction,O'Reilly Media,26.74,4.4,655,1107,2015
Lost War Journal,Yuval Noah Harari,Business,Penguin Random House,27.61,5.0,375,2595,2013
Forgotten Money Handbook,Neil Gaiman,Business,Macmillan,33.64,4.3,817,1270,2023
Mystery System,Stephen King,Science Fiction,Macmillan,18.07,3.4,614,1257,2020
Past Fitness Anthology,George R.R. Martin,Business,Indie Pub,27.0,5.0,388,1588,2021
Modern History Strategies,Yuval Noah Harari,Self-Help,Hachette,8.87,4.7,259,4828,2019
Future Fitness Methods,Walter Isaacson,Science Fiction,Indie Pub,23.42,4.2,1788,1644,2025
Future Cooking: The Methods,Alex Michaelides,Fiction,Amazon KDP,14.14,3.4,1299,1477,2022
Money Strategies,Simon Sinek,Non-Fiction,HarperCollins,22.38,4.4,415,1288,2021
Forgotten Leadership Secrets,Delia Owens,Self-Help,Hachette,17.47,3.9,318,1811,2018
Hidden War Anthology,Michelle Obama,Self-Help,Macmillan,14.87,4.3,2126,810,2017
Lost Money Strategies,Stephen King,Fiction,Penguin Random House,18.86,3.3,1357,2324,2015
Future Data Science Secrets,Simon Sinek,Biography,Indie Pub,13.19,4.8,75,3622,2019
Machine Learning Workbook,Michelle Obama,Romance,,12.66,4.7,1211,787,2023
Leadership Masterclass,Walter Isaacson,Biography,Simon & Schuster,15.38,4.0,659,4108,2019
Business Collection,Simon Sinek,Technology,O'Reilly Media,32.22,4.6,2755,1627,2025
Lost Fitness Chronicles,Malcolm Gladwell,Science,HarperCollins,23.26,5.0,311,2324,2020
Past Mystery Journal,Tim Ferriss,Non-Fiction,Hachette,16.91,4.3,1641,1706,2016
Essential Cooking Anthology,Tim Ferriss,Romance,HarperCollins,13.7,4.2,428,2170,2022
Lost Fitness System,Yuval Noah Harari,Technology,Penguin Random House,28.64,4.2,1061,1959,2018
Bright Meditation Handbook,Alex Michaelides,Science,,25.39,4.4,250,9964,2018
Dark Business Methods,Robert Kiyosaki,Fantasy,O'Reilly Media,34.99,4.1,3396,2376,2019
Advanced Cooking Anthology,Robert Kiyosaki,Science Fiction,Hachette,20.54,3.7,1461,1262,2021
Future Marketing: The Strategies,George R.R. Martin,Business,Indie Pub,21.88,4.6,894,923,2023
Beginner's Data Science Masterclass,Yuval Noah Harari,Biography,HarperCollins,19.35,4.4,928,1251,2024
Past Business Collection,Delia Owens,Non-Fiction,Macmillan,27.02,4.7,597,2047,2014
Machine Learning Collection,Malcolm Gladwell,Fiction,O'Reilly Media,35.53,3.6,1396,1356,2012
Secret Time Methods,Tara Westover,Business,Amazon KDP,33.17,3.8,637,2124,2024
Leadership Bible,James Clear,Science Fiction,Amazon KDP,19.68,4.7,1469,938,2018
The Ultimate Data Science Anthology,Neil Gaiman,Non-Fiction,Indie Pub,28.07,4.7,462,1692,2012
Space Framework,Simon Sinek,Non-Fiction,Amazon KDP,20.95,4.6,462,3929,2015
Dark Marketing Story,George R.R. Martin,Cooking,Amazon KDP,13.51,4.3,667,1290,2022
Cooking Secrets,Dale Carnegie,Fantasy,HarperCollins,14.13,3.5,168,1987,2015
Bright Marketing Journal,James Clear,Health,Penguin Random House,22.97,3.1,308,1203,2019
Essential Fitness Strategies,Agatha Christie,Romance,Macmillan,11.81,4.7,1215,4248,2017
The Ultimate Meditation Strategies,Robert Kiyosaki,Science Fiction,Penguin Random House,16.56,4.3,4405,605,2023
Bright Machine Learning Secrets,Robert Kiyosaki,Fiction,Penguin Random House,4.99,3.7,363,685,2024
Advanced Machine Learning Story,Michelle Obama,Science Fiction,Amazon KDP,20.11,4.8,6738,592,2024
Future War Secrets,Simon Sinek,Romance,Macmillan,17.97,4.3,1432,1491,2020
The Ultimate Marketing Chronicles,Stephen King,Science,Macmillan,30.52,4.4,558,842,2023
Dark Mystery: The Saga,Neil Gaiman,Fantasy,O'Reilly Media,21.54,3.6,178,2081,2011
Essential Marketing Anthology,Neil Gaiman,Technology,Amazon KDP,25.9,3.4,1949,1284,2014
Secret Space: The Journal,Yuval Noah Harari,Self-Help,Hachette,10.05,4.1,257,1453,2014
Advanced War Bible,Tara Westover,Romance,Simon & Schuster,22.75,3.5,340,3264,2022
Hidden Design Handbook,Dale Carnegie,History,HarperCollins,11.99,4.4,114,1773,2016
Past War Methods,Colleen Hoover,Health,Macmillan,14.9,5.0,1389,900,2016
Meditation Strategies,Malcolm Gladwell,Non-Fiction,Macmillan,15.63,4.5,467,2414,2013
Secret Love Methods,Yuval Noah Harari,Cooking,Indie Pub,15.24,3.9,251,1968,2019
Bright Money System,Dale Carnegie,Science,O'Reilly Media,32.99,4.2,302,952,2024
Past Meditation Story,Dale Carnegie,Self-Help,Indie Pub,11.41,4.8,654,1137,2023
Beginner's Meditation Workbook,Brene Brown,Non-Fiction,Amazon KDP,11.63,5.0,241,1799,2019
Past Money Anthology,Yuval Noah Harari,Mystery,O'Reilly Media,24.06,4.4,1059,1779,2020
Secret Money Chronicles,J.K. Rowling,History,Indie Pub,14.07,4.1,495,2109,2015
Python Journal,Michelle Obama,Romance,Penguin Random House,19.82,3.8,825,693,2012
Secret Time Framework,Yuval Noah Harari,Business,HarperCollins,24.56,5.0,454,984,2014
Secret Marketing Journal,Brand New Author,Non-Fiction,O'Reilly Media,38.39,5.0,1040,1696,2025
Past Space Chronicles,James Clear,Non-Fiction,Hachette,13.1,3.7,536,1042,2019
Secret Fitness Framework,Robert Kiyosaki,Fiction,,11.75,3.8,781,1324,2017
Meditation Secrets,Agatha Christie,Science,HarperCollins,26.17,4.6,262,5296,2021
Hidden Marketing Anthology,Colleen Hoover,Science,Penguin Random House,15.03,3.9,3668,930,2012
Hidden War Masterclass,James Clear,Non-Fiction,Simon & Schuster,23.36,4.5,535,922,2012
Leadership Anthology,Michelle Obama,Romance,Macmillan,17.79,4.0,1739,985,2016
Machine Learning Chronicles,Michelle Obama,Science,HarperCollins,25.85,3.7,641,1394,2018
Future Mystery Bible,Tim Ferriss,Health,Penguin Random House,16.32,4.5,2225,1338,2016
Secret War Workbook,J.K. Rowling,Science,Macmillan,19.54,4.3,1469,2289,2022
Hidden Meditation Bible,Stephen King,Biography,HarperCollins,31.6,4.3,1307,927,2021
Modern Time Anthology,Brand New Author,Technology,Amazon KDP,25.67,4.7,953,2129,2020
Forgotten Mystery Bible,Dale Carnegie,Self-Help,Amazon KDP,16.07,4.5,69,2305,2023
Cooking Workbook,Brand New Author,Biography,Hachette,9.48,5.0,102,14404,2017
Complete Python Methods,Stephen King,Science Fiction,Amazon KDP,14.97,4.5,1267,856,2020
Essential Space Collection,Dale Carnegie,History,Hachette,19.6,4.4,577,2262,2013
Beginner's Marketing Bible,Delia Owens,Romance,Amazon KDP,16.66,3.8,586,1431,2013
Hidden Mystery Bible,Brand New Author,Mystery,Indie Pub,22.68,4.2,329,3122,2022
Essential Cooking Principles,Delia Owens,Science Fiction,Macmillan,20.43,4.6,580,1680,2015
Hidden Fitness Journal,Brene Brown,Science,O'Reilly Media,46.95,3.5,415,2429,2014
Advanced Money Strategies,Walter Isaacson,Science,HarperCollins,19.67,4.1,238,2278,2021
Hidden War Workbook,Robert Kiyosaki,History,Simon & Schuster,15.28,4.7,1030,904,2019
Past Design Story,Tim Ferriss,Biography,O'Reilly Media,30.32,4.1,41,9532,2020
Hidden War Methods,Tim Ferriss,Science,Macmillan,18.95,4.8,3789,1219,2025
Past Mystery Framework,Walter Isaacson,Science Fiction,Macmillan,13.93,4.0,926,1252,2020
Secret Python Collection,Alex Michaelides,Fiction,Macmillan,11.93,4.3,298,2275,2015
Space Anthology,Malcolm Gladwell,Science Fiction,O'Reilly Media,30.8,4.8,774,1997,2019
Bright Space Workbook,Simon Sinek,Business,Macmillan,29.75,4.7,15,4925,2018
Past Space Trilogy,George R.R. Martin,Fiction,O'Reilly Media,23.17,3.3,141,2197,2022
Love Chronicles,Dale Carnegie,Non-Fiction,HarperCollins,17.71,2.9,366,1534,2013
Space Masterclass,Brand New Author,Fantasy,Penguin Random House,12.27,4.3,131,1729,2022
Secret Marketing Secrets,Robert Kiyosaki,Non-Fiction,Hachette,14.92,4.0,1257,896,2017
Business Story,Dale Carnegie,History,Amazon KDP,20.98,3.7,650,1496,2024
Complete AI Story,James Clear,Technology,,37.78,5.0,692,1215,2013
Love Anthology,Simon Sinek,Technology,Indie Pub,18.14,4.1,1642,2650,2024
The Ultimate AI Guide,George R.R. Martin,Fiction,O'Reilly Media,31.65,5.0,550,992,2020
Business Chronicles,Tim Ferriss,Health,HarperCollins,18.39,3.9,3480,2484,2015
Mystery Chronicles,J.K. Rowling,Romance,Indie Pub,18.71,5.0,2793,1316,2023
Time Journal,Neil Gaiman,Business,Amazon KDP,25.16,3.9,553,2862,2010
Bright Data Science Masterclass,James Clear,Cooking,Macmillan,25.07,4.6,712,973,2016
Lost AI Principles,Delia Owens,Biography,Simon & Schuster,8.26,3.9,1015,3271,2021
Forgotten AI Framework,Walter Isaacson,Fantasy,Indie Pub,9.77,4.6,1987,1646,2022
Cooking System,George R.R. Martin,Technology,Simon & Schuster,29.98,5.0,84,2868,2019
Bright Cooking Saga,Yuval Noah Harari,Fiction,Hachette,13.39,4.5,1697,2223,2013
Lost Marketing Chronicles,Neil Gaiman,Cooking,Simon & Schuster,17.28,4.7,490,1071,2022
Beginner's Time Handbook,J.K. Rowling,Romance,O'Reilly Media,30.29,4.5,2553,1805,2019
Past Mystery Trilogy,Dale Carnegie,Health,Penguin Random House,17.69,3.8,634,1093,2025
Past Time Anthology,Walter Isaacson,Romance,Amazon KDP,9.78,3.6,2397,3260,2025
Modern Meditation Trilogy,Colleen Hoover,Business,Penguin Random House,23.89,4.6,1284,1058,2017
Complete Leadership Masterclass,J.K. Rowling,Science,O'Reilly Media,44.3,4.3,324,2608,2025
Gardening Journal,Delia Owens,Science,Indie Pub,23.76,4.6,1342,1217,2011
Beginner's Data Science Collection,Yuval Noah Harari,Fiction,Hachette,18.31,3.6,880,1361,2011
Love Journal,Robert Kiyosaki,Health,Macmillan,17.0,4.5,512,1149,2016
Leadership Framework,Brand New Author,Business,Simon & Schuster,31.19,5.0,686,1983,2016
Leadership Principles,Brene Brown,Romance,Simon & Schuster,16.2,3.6,1796,980,2020
Machine Learning Principles,Tara Westover,Health,HarperCollins,18.77,4.5,2092,1735,2014
Beginner's Meditation Workbook,Stephen King,Health,Simon & Schuster,14.31,3.8,612,1324,2017
Complete Data Science Workbook,Stephen King,History,,12.1,4.7,6999,758,2023
Python Bible,Brene Brown,Romance,Indie Pub,14.02,3.9,2610,1267,2024
Space Strategies,George R.R. Martin,Science Fiction,Indie Pub,14.33,4.5,229,1988,2012
Forgotten Cooking Anthology,Brene Brown,History,Indie Pub,14.4,4.0,240,1712,2019
Future Time Guide,Tim Ferriss,Biography,Penguin Random House,18.61,4.0,4079,1378,2011
Hidden Gardening Story,J.K. Rowling,Fiction,O'Reilly Media,31.12,3.3,214,1128,2024
Beginner's Fitness Bible,Simon Sinek,Fantasy,Simon & Schuster,12.37,5.0,433,1328,2018
Bright Meditation Journal,J.K. Rowling,Technology,Penguin Random House,22.18,5.0,2509,1862,2022
Complete Cooking Secrets,Colleen Hoover,Fantasy,HarperCollins,25.31,4.8,3457,805,2010
Past AI Journal,George R.R. Martin,Romance,Penguin Random House,18.89,4.2,171,2565,2010
Complete AI Masterclass,Stephen King,Science Fiction,O'Reilly Media,500.0,4.7,1824,1099,2012
Past Cooking Story,Dale Carnegie,Technology,Hachette,25.44,4.1,253,1257,2014
Bright Gardening Story,Tara Westover,Fiction,Penguin Random House,11.42,4.1,116,7893,2015
Complete Cooking Masterclass,Brand New Author,Cooking,O'Reilly Media,37.57,5.0,224,1597,2016
Essential Meditation Principles,Agatha Christie,Mystery,Indie Pub,21.11,3.7,650,1224,2023
History Strategies,Colleen Hoover,Fantasy,Macmillan,13.14,5.0,8017,821,2019
The Ultimate Meditation Anthology,Brand New Author,Romance,Macmillan,17.56,3.3,317,3622,2022
Complete Business Guide,Robert Kiyosaki,Cooking,Macmillan,16.62,3.7,922,680,2025
Love Trilogy,Tim Ferriss,Technology,Simon & Schuster,27.57,2.8,122,2541,2022
Complete Python Principles,J.K. Rowling,Fantasy,O'Reilly Media,29.86,4.0,4499,1170,2012
Dark Business Journal,Michelle Obama,Self-Help,Penguin Random House,11.99,4.7,403,914,2022
Modern Data Science Saga,Agatha Christie,Cooking,HarperCollins,18.83,4.1,674,1341,2014
Future Data Science Methods,Stephen King,Self-Help,Indie Pub,10.61,4.4,665,1198,2022
Hidden AI Collection,Neil Gaiman,Science Fiction,Macmillan,19.57,4.1,1509,2946,2011
Dark Baking Masterclass,Brand New Author,Mystery,Penguin Random House,14.89,4.6,31,2852,2019
Beginner's Business Saga,Stephen King,Non-Fiction,Penguin Random House,18.68,4.5,1009,1059,2015
Future Fitness Masterclass,Brene Brown,Biography,Simon & Schuster,7.19,3.6,872,2536,2021
Complete Fitness Bible,James Clear,Biography,Indie Pub,21.47,4.2,1480,1076,2023
Forgotten Baking Framework,George R.R. Martin,History,Indie Pub,6.92,3.8,255,1876,2011
Secret Python Handbook,Brene Brown,Business,HarperCollins,26.0,4.2,264,1370,2013
Hidden Cooking Chronicles,James Clear,Health,Macmillan,17.14,4.3,1358,878,2011
Hidden War Principles,Michelle Obama,Health,Amazon KDP,10.86,3.0,348,983,2017
The Ultimate Baking Secrets,Colleen Hoover,Health,Indie Pub,22.18,4.0,111,846,2013
Lost History Methods,Tara Westover,Biography,Penguin Random House,18.1,3.8,930,1097,2022
Modern Leadership Methods,Colleen Hoover,Technology,O'Reilly Media,39.09,4.1,668,784,2010
Lost Gardening Trilogy,Brand New Author,Science Fiction,Macmillan,12.59,5.0,575,1963,2024
Marketing Framework,Yuval Noah Harari,Biography,,16.62,3.4,335,2224,2010
History Masterclass,James Clear,Fantasy,Indie Pub,19.42,5.0,821,1015,2010
The Ultimate Cooking Principles,Tara Westover,Self-Help,Macmillan,21.49,4.8,358,1819,2023
Data Science Masterclass,Michelle Obama,Fiction,Macmillan,15.57,3.9,2287,1096,2023
The Ultimate Space Story,Stephen King,Romance,Amazon KDP,29.37,5.0,777,822,2012
War System,Simon Sinek,Self-Help,Hachette,15.34,3.8,1088,1491,2020
Leadership Masterclass,Brene Brown,History,Macmillan,11.78,4.0,505,1416,2012
Hidden AI Trilogy,Robert Kiyosaki,Business,Simon & Schuster,20.22,4.0,10105,778,2024
Past AI Bible,Malcolm Gladwell,Technology,O'Reilly Media,45.12,4.4,537,1716,2019
Data Science Secrets,Simon Sinek,Business,Penguin Random House,19.69,4.7,485,1707,2016
Essential Python Workbook,Agatha Christie,Technology,Penguin Random House,30.94,4.7,1817,982,2019
Future Cooking Masterclass,George R.R. Martin,Health,Macmillan,15.97,4.1,602,2329,2013
Hidden Love Bible,Michelle Obama,Non-Fiction,Macmillan,20.84,5.0,461,791,2014
Complete Gardening Collection,Alex Michaelides,Mystery,Hachette,21.59,3.9,57,2099,2012
Lost Machine Learning Chronicles,Stephen King,Biography,HarperCollins,21.48,3.9,366,1004,2020
Dark Space Chronicles,Neil Gaiman,Mystery,Amazon KDP,19.2,4.0,637,1235,2025
Essential Machine Learning Secrets,Malcolm Gladwell,Technology,Simon & Schuster,23.04,4.0,1586,3169,2018
Data Science Principles,Simon Sinek,Fantasy,O'Reilly Media,36.09,4.3,2725,995,2023
Future Business Secrets,Stephen King,Cooking,Amazon KDP,17.02,4.4,403,1004,2016
Marketing Anthology,Delia Owens,Fantasy,Penguin Random House,9.1,4.3,463,1355,2022
The Ultimate War Secrets,Alex Michaelides,Technology,Indie Pub,31.42,4.0,805,2231,2022
Future Leadership Secrets,Brene Brown,Non-Fiction,Penguin Random House,19.36,5.0,488,2321,2025
Past Machine Learning Secrets,Robert Kiyosaki,Business,Macmillan,20.0,4.3,1445,1156,2017
Forgotten War Framework,Agatha Christie,Mystery,Indie Pub,16.75,4.8,1127,1672,2015
Advanced Money Trilogy,James Clear,Mystery,Indie Pub,17.05,5.0,1864,1050,2014
Advanced Design Secrets,J.K. Rowling,Science,O'Reilly Media,39.34,4.1,923,3277,2011
Forgotten Gardening Story,Tara Westover,Non-Fiction,O'Reilly Media,19.14,4.2,391,1493,2010
Forgotten Cooking Masterclass,J.K. Rowling,Technology,Indie Pub,26.66,4.0,1093,1858,2011
Dark Mystery Masterclass,Tara Westover,Health,Indie Pub,17.57,4.5,938,2231,2012
Space Anthology,Simon Sinek,Technology,Indie Pub,20.32,4.6,419,1394,2014
Forgotten Baking Workbook,Tim Ferriss,Fantasy,Simon & Schuster,16.84,4.0,693,1152,2021
Forgotten Mystery: The Handbook,Simon Sinek,Science,Simon & Schuster,24.9,3.4,977,2276,2015
Complete Money Story,Brand New Author,Business,Indie Pub,19.73,5.0,740,3491,2017
Data Science System,Colleen Hoover,Technology,Macmillan,24.48,4.8,1036,1034,2021
Complete Love Principles,James Clear,History,Hachette,10.36,4.8,2778,954,2016
Bright Space Chronicles,Robert Kiyosaki,Biography,Penguin Random House,15.95,4.8,80,833,2011
Complete Money Secrets,Walter Isaacson,Cooking,Amazon KDP,11.73,4.9,223,7469,2021
Beginner's Fitness Masterclass,George R.R. Martin,Business,HarperCollins,24.31,4.9,3462,1448,2011
Complete Marketing Bible,Tim Ferriss,Fiction,Simon & Schuster,28.2,3.4,699,1542,2022
Dark Baking Journal,Brand New Author,Technology,O'Reilly Media,38.77,4.1,2904,3017,2010
Advanced Space Trilogy,Michelle Obama,Business,HarperCollins,25.62,5.0,1159,900,2020
Complete Machine Learning Workbook,Delia Owens,Science Fiction,Hachette,11.89,3.5,256,1855,2019
The Ultimate Space Bible,Delia Owens,Mystery,O'Reilly Media,31.94,3.9,320,2030,2014
Advanced Baking Methods,Brand New Author,Science,O'Reilly Media,32.97,4.6,107,2068,2016
Fitness Bible,Walter Isaacson,Fiction,HarperCollins,20.41,3.8,153,4796,2019
Hidden Love Chronicles,Delia Owens,Fantasy,Amazon KDP,16.6,4.3,117,1301,2015
Advanced Fitness Handbook,Michelle Obama,History,Hachette,14.2,4.1,1651,749,2024
Leadership Secrets,Robert Kiyosaki,Business,HarperCollins,23.4,4.2,2466,1189,2021
Money Secrets,Michelle Obama,Romance,Amazon KDP,24.51,3.7,584,841,2023
Business Saga,Simon Sinek,History,HarperCollins,5.98,4.5,13,100000,2022
Baking Strategies,Alex Michaelides,Biography,Simon & Schuster,7.09,4.3,418,1472,2013
Dark Space Strategies,Malcolm Gladwell,Biography,,23.06,3.8,519,1471,2011
Complete Data Science: The Workbook,Stephen King,Health,Hachette,4.99,3.7,531,1523,2020
Past Python Saga,Agatha Christie,Romance,Indie Pub,14.34,3.9,411,1940,2018
Forgotten Leadership Masterclass,Neil Gaiman,Biography,HarperCollins,15.84,4.9,264,1268,2023
Space Principles,Alex Michaelides,Fiction,HarperCollins,14.51,4.3,1022,1985,2019
Hidden Cooking Workbook,Walter Isaacson,Cooking,O'Reilly Media,34.77,4.4,302,1793,2011
Lost Fitness Framework,Agatha Christie,Non-Fiction,Indie Pub,9.28,4.1,504,1916,2017
Lost AI Secrets,Tim Ferriss,Non-Fiction,Hachette,14.36,4.2,71,8088,2019
Hidden Design Bible,Simon Sinek,Business,O'Reilly Media,45.8,3.8,334,10585,2020
Love Handbook,George R.R. Martin,Self-Help,Macmillan,19.85,5.0,411,1273,2023
Business Guide,J.K. Rowling,Romance,HarperCollins,9.03,3.9,2675,1016,2019
Lost Machine Learning Framework,Malcolm Gladwell,Business,Macmillan,31.96,4.3,600,2222,2011
AI Guide,Malcolm Gladwell,Science Fiction,Hachette,14.33,3.3,2127,1039,2021
Past Money Trilogy,Dale Carnegie,Self-Help,O'Reilly Media,36.52,4.8,1032,2721,2024
History Guide,Dale Carnegie,Technology,Simon & Schuster,19.55,4.1,237,1393,2018
Gardening Principles,Michelle Obama,Cooking,Simon & Schuster,13.46,5.0,4285,865,2016
Essential Baking Guide,Neil Gaiman,Fantasy,Penguin Random House,12.19,3.8,140,1318,2010
Hidden Love Collection,Brene Brown,Self-Help,Hachette,19.82,3.9,239,1214,2018
Past Design Workbook,Malcolm Gladwell,Science,O'Reilly Media,39.87,4.4,247,1798,2019
Forgotten Design Methods,Robert Kiyosaki,Mystery,Penguin Random House,12.63,4.2,1721,1002,2021
Modern War Principles,Robert Kiyosaki,Science,O'Reilly Media,37.82,4.0,895,1022,2012
Advanced Machine Learning Workbook,Simon Sinek,Science,Macmillan,23.71,4.1,1436,1219,2014
Modern Fitness Journal,Tim Ferriss,Fantasy,,18.48,4.4,1400,2308,2010
Bright Meditation Trilogy,Agatha Christie,Cooking,Penguin Random House,14.46,3.6,122,1696,2016
Marketing Chronicles,Walter Isaacson,Fantasy,Indie Pub,9.03,5.0,2989,1891,2019
Marketing Chronicles,Robert Kiyosaki,Science,O'Reilly Media,43.19,3.9,148,1110,2014
Bright History Journal,Tim Ferriss,Fantasy,HarperCollins,11.06,4.0,317,2660,2017
Lost AI Anthology,Tim Ferriss,Biography,Indie Pub,5.1,4.3,153,2224,2018
Mystery Saga,Alex Michaelides,Non-Fiction,HarperCollins,25.37,4.1,41,1937,2025
Advanced War Journal,Neil Gaiman,Science,Penguin Random House,30.5,4.4,260,1121,2014
Data Science Anthology,George R.R. Martin,Mystery,Simon & Schuster,12.67,3.4,6738,2088,2020
Modern Gardening Chronicles,J.K. Rowling,Technology,Indie Pub,26.27,4.2,1757,1684,2011
Hidden Space Workbook,J.K. Rowling,Mystery,O'Reilly Media,31.54,4.0,551,2371,2012
Advanced Love Guide,Walter Isaacson,Cooking,Amazon KDP,18.11,4.2,1058,1377,2010
Dark Meditation Secrets,Tara Westover,Technology,Macmillan,30.63,4.8,83,2041,2010
Secret Leadership Methods,Dale Carnegie,Science Fiction,Hachette,10.47,4.9,203,2708,2014
Business Saga,Colleen Hoover,Business,Penguin Random House,14.32,4.6,4679,614,2019
Gardening Chronicles,Neil Gaiman,Technology,Simon & Schuster,24.73,4.5,938,1794,2020
Essential Gardening Guide,Agatha Christie,Biography,Penguin Random House,17.78,4.1,671,1222,2017
Dark Machine Learning Workbook,Tara Westover,Mystery,Simon & Schuster,14.03,2.7,1315,1375,2013
Dark Python Handbook,Brene Brown,Fantasy,,18.28,4.0,528,1855,2011
Secret Fitness Anthology,Robert Kiyosaki,Science Fiction,Amazon KDP,20.62,4.7,641,719,2024
Dark AI Saga,Stephen King,Science Fiction,Macmillan,10.14,4.6,386,1381,2010
Design Masterclass,Brand New Author,Science,Simon & Schuster,29.77,4.5,1657,1245,2023
Advanced Fitness Saga,Robert Kiyosaki,Science,HarperCollins,21.79,4.9,2864,777,2025
Secret Money Strategies,Dale Carnegie,Self-Help,Amazon KDP,20.94,4.7,911,1558,2019
Dark Data Science Masterclass,Walter Isaacson,Science Fiction,Indie Pub,14.87,3.8,274,3089,2017
Data Science Masterclass,Alex Michaelides,Health,O'Reilly Media,26.62,4.0,213,2122,2014
The Ultimate AI Chronicles,Yuval Noah Harari,Science,O'Reilly Media,35.53,3.8,543,1842,2019
AI Masterclass,Michelle Obama,Health,Hachette,18.3,4.1,237,842,2021
Essential War Framework,Michelle Obama,Health,Penguin Random House,11.15,4.1,1861,1231,2014
Beginner's Baking Masterclass,Brand New Author,History,Hachette,13.68,3.6,187,10077,2012
Money Journal,Agatha Christie,Cooking,O'Reilly Media,30.3,3.5,2165,1800,2018
The Ultimate Baking Masterclass,J.K. Rowling,Fantasy,HarperCollins,4.99,4.8,2038,2969,2014
Hidden Love Guide,Alex Michaelides,Cooking,O'Reilly Media,31.05,3.7,2021,1109,2024
Hidden Time Handbook,Stephen King,Health,,32.38,5.0,3756,768,2025
Leadership Secrets,Brene Brown,Fiction,Indie Pub,16.96,3.3,388,2511,2010
Advanced Money Framework,Tim Ferriss,Fantasy,HarperCollins,11.53,4.3,365,1617,2023
Essential Business Anthology,Agatha Christie,Fantasy,Simon & Schuster,10.89,4.2,724,1380,2011
War Principles,Walter Isaacson,Health,Simon & Schuster,13.36,3.8,1211,1883,2012
Advanced Data Science Collection,Tara Westover,Non-Fiction,Macmillan,11.71,3.8,114,2276,2022
AI Anthology,Alex Michaelides,History,O'Reilly Media,27.62,4.3,877,1481,2012
Secret Marketing Guide,James Clear,Science Fiction,HarperCollins,19.25,4.4,1880,785,2022
Lost War Framework,Colleen Hoover,Health,Hachette,16.33,4.1,77,1131,2016
Future Design Anthology,Michelle Obama,Health,Macmillan,22.11,5.0,3637,721,2024
Dark Meditation Guide,Dale Carnegie,Science Fiction,O'Reilly Media,30.44,4.0,452,1191,2013
Baking Anthology,Dale Carnegie,Technology,Hachette,28.08,4.0,644,1349,2021
Advanced AI Workbook,Neil Gaiman,Business,HarperCollins,25.0,3.1,146,1612,2018
Hidden Machine Learning Masterclass,George R.R. Martin,Self-Help,Macmillan,12.25,4.1,153,3908,2020
Machine Learning Trilogy,George R.R. Martin,Biography,O'Reilly Media,27.73,4.4,1095,1265,2014
Essential Cooking Masterclass,Alex Michaelides,Cooking,O'Reilly Media,33.11,4.2,769,3673,2015
Forgotten Meditation Principles,Brand New Author,Cooking,Indie Pub,18.35,4.6,60,3501,2022
Design Saga,Tim Ferriss,Cooking,Hachette,16.88,4.8,217,1924,2024
Forgotten History Framework,Delia Owens,Science,Indie Pub,19.05,4.5,336,1206,2016
Marketing Anthology,Stephen King,Fantasy,Simon & Schuster,13.36,4.4,650,892,2020
Python Saga,Alex Michaelides,Mystery,Amazon KDP,15.2,3.9,628,3338,2019
The Ultimate Gardening Principles,James Clear,Fiction,Amazon KDP,18.86,4.1,61,1248,2014
The Ultimate History Strategies,J.K. Rowling,Biography,Hachette,32.06,4.1,644,1522,2018
Marketing Secrets,Delia Owens,Biography,Penguin Random House,15.11,4.8,187,1640,2021
Future History Handbook,Delia Owens,Science Fiction,,18.58,4.2,997,1553,2017
Fitness Strategies,Agatha Christie,Cooking,Amazon KDP,18.36,3.9,433,1617,2020
Design Strategies,George R.R. Martin,Mystery,Macmillan,15.51,3.5,234,1234,2021
Dark Data Science Chronicles,Malcolm Gladwell,Biography,Hachette,15.82,4.3,844,1408,2024
Modern Marketing Principles,Tara Westover,Business,HarperCollins,23.88,3.8,160,1253,2022
Bright Cooking Handbook,J.K. Rowling,Business,Hachette,24.48,5.0,143,5835,2010
Forgotten Marketing Framework,Tim Ferriss,Business,Penguin Random House,25.1,3.9,154,1831,2019
Future Business Chronicles,Tim Ferriss,Fiction,Macmillan,13.12,4.5,1572,2291,2015
Advanced War System,Delia Owens,Cooking,Amazon KDP,9.44,4.8,904,1820,2012
Python Masterclass,Simon Sinek,Technology,Macmillan,32.9,3.6,220,2012,2025
Design Secrets,Dale Carnegie,Fantasy,O'Reilly Media,28.83,4.2,1592,1685,2017
Secret History Guide,Tim Ferriss,Non-Fiction,Amazon KDP,13.4,5.0,360,1204,2013
Dark Gardening System,Dale Carnegie,Romance,O'Reilly Media,21.96,4.2,5575,1356,2025
Marketing Guide,Colleen Hoover,Romance,HarperCollins,14.05,5.0,1025,813,2015
AI Strategies,Colleen Hoover,Fantasy,Macmillan,4.99,4.4,266,903,2016
Bright War Handbook,Neil Gaiman,Romance,HarperCollins,12.85,4.4,124,1618,2014
Leadership Secrets,Colleen Hoover,Fiction,Penguin Random House,25.12,3.9,879,1374,2015
Hidden War Guide,Neil Gaiman,Science,Amazon KDP,27.13,4.7,528,996,2024
Data Science Framework,Robert Kiyosaki,Cooking,Penguin Random House,24.02,3.6,1975,1039,2012
Modern Time Workbook,Robert Kiyosaki,Romance,Hachette,10.22,4.7,4827,913,2019
Essential Mystery Trilogy,James Clear,Cooking,,28.43,4.5,286,1000,2015
Marketing Story,Stephen King,Science,Hachette,29.41,4.3,568,1099,2021
Complete History Strategies,Michelle Obama,Fiction,Penguin Random House,12.82,4.1,8055,1013,2022
Cooking Chronicles,Dale Carnegie,Science Fiction,Macmillan,13.21,4.1,1200,1752,2023
Dark Leadership Handbook,Yuval Noah Harari,Business,Hachette,21.75,3.9,3160,1308,2016
Complete Fitness Masterclass,Delia Owens,Health,O'Reilly Media,20.67,4.6,353,1425,2012
Dark Meditation Masterclass,Alex Michaelides,Self-Help,O'Reilly Media,20.15,4.6,202,1473,2020
Lost War Methods,Brand New Author,Science,HarperCollins,25.07,4.5,205,3234,2016
Essential Python: The System,Alex Michaelides,Science Fiction,Simon & Schuster,15.53,3.4,4452,1621,2021
War Anthology,Yuval Noah Harari,Self-Help,Amazon KDP,23.09,3.5,212,1919,2018
Complete Baking Bible,George R.R. Martin,History,Indie Pub,19.05,5.0,602,1461,2019
Dark Data Science Bible,Brene Brown,Health,Simon & Schuster,12.74,4.4,142,2009,2016
Machine Learning Trilogy,Tara Westover,Non-Fiction,Penguin Random House,19.43,4.3,30,2404,2022
Advanced Leadership Methods,Delia Owens,Science,O'Reilly Media,42.18,3.7,1310,2625,2014
The Ultimate Meditation Chronicles,George R.R. Martin,Business,,33.4,4.4,124,1354,2022
Forgotten Leadership Story,Tara Westover,Biography,,12.48,4.0,967,1462,2024
Lost Meditation Bible,Walter Isaacson,Science Fiction,Indie Pub,16.62,3.7,170,1973,2011
Secret Love Workbook,Dale Carnegie,Science,Macmillan,28.4,4.4,526,3700,2011
Business Principles,George R.R. Martin,History,Penguin Random House,6.37,3.7,542,6079,2011
Beginner's Leadership Bible,Brene Brown,Health,Simon & Schuster,17.68,4.1,1296,1688,2022
Beginner's Love Anthology,Brene Brown,Romance,Amazon KDP,12.01,4.7,4464,1274,2017
Advanced Data Science Saga,Walter Isaacson,Biography,Penguin Random House,15.43,4.5,147,2955,2014
Beginner's Design Masterclass,Brene Brown,Fantasy,,17.09,3.4,1495,1281,2014
Money Anthology,Yuval Noah Harari,Fantasy,Amazon KDP,20.26,4.3,204,3329,2020
The Ultimate Cooking Chronicles,Alex Michaelides,Self-Help,Simon & Schuster,29.98,4.4,2425,756,2023
Modern Baking Saga,Tara Westover,Business,Penguin Random House,27.67,5.0,491,1475,2014
Design Anthology,Brand New Author,Cooking,Penguin Random House,16.15,4.4,1166,1667,2019
Leadership Chronicles,Walter Isaacson,Health,Simon & Schuster,19.19,3.6,215,2655,2017
Time Bible,Tara Westover,Mystery,Hachette,22.2,5.0,1036,1524,2015
Advanced Business Saga,Agatha Christie,Self-Help,Amazon KDP,14.97,4.0,212,1577,2014
Forgotten Design Handbook,Neil Gaiman,Fantasy,Simon & Schuster,18.48,4.2,499,1492,2013
Essential Design Trilogy,Delia Owens,Biography,HarperCollins,7.41,4.5,1044,2333,2012
The Ultimate Business Journal,James Clear,Health,Amazon KDP,22.5,4.2,1218,826,2023
Bright Leadership Masterclass,Walter Isaacson,Self-Help,Amazon KDP,18.49,3.9,955,1711,2021
Complete History: The Trilogy,Stephen King,Cooking,Hachette,4.99,4.1,755,820,2025
Leadership Saga,Brene Brown,Cooking,Macmillan,18.47,4.5,1216,2371,2010
Bright War Journal,Tara Westover,Fiction,Penguin Random House,18.42,4.3,762,4408,2022
Modern Fitness Trilogy,Robert Kiyosaki,Technology,Simon & Schuster,23.15,4.7,207,813,2023
Gardening Journal,Alex Michaelides,Cooking,Indie Pub,9.85,4.8,50,4357,2018
Secret Money Principles,Delia Owens,Romance,O'Reilly Media,26.85,3.3,472,1239,2015
AI Secrets,Alex Michaelides,Science,Indie Pub,19.42,3.9,639,1338,2022
Future War Trilogy,J.K. Rowling,History,HarperCollins,15.8,4.9,1835,1665,2016
Data Science Story,Michelle Obama,Mystery,Simon & Schuster,13.2,4.3,485,1360,2022
Advanced Love Bible,Brand New Author,History,Amazon KDP,15.18,4.2,435,3240,2012
Secret History Handbook,Michelle Obama,Mystery,Amazon KDP,15.16,3.7,673,1178,2022
Past Business Methods,J.K. Rowling,Biography,O'Reilly Media,500.0,3.7,143,1102,2024
Beginner's Meditation Guide,Michelle Obama,Self-Help,Macmillan,7.52,3.8,1076,854,2015
Hidden Mystery Strategies,Colleen Hoover,Business,Hachette,20.39,4.2,983,1251,2022
Bright Marketing Framework,James Clear,Romance,HarperCollins,11.39,4.4,599,965,2012
Hidden Leadership Guide,Brene Brown,Technology,Macmillan,33.37,4.9,291,936,2016
Secret History System,J.K. Rowling,Science,Amazon KDP,29.06,5.0,613,3698,2013
Hidden Leadership Anthology,Tara Westover,Fiction,,9.39,4.3,875,3159,2018
Forgotten Python Anthology,Yuval Noah Harari,Biography,Indie Pub,17.76,3.5,1135,1301,2024
Advanced Meditation System,Brene Brown,Fiction,HarperCollins,500.0,4.2,583,1362,2022
Complete Mystery System,Dale Carnegie,Cooking,Penguin Random House,7.34,4.2,1068,1658,2018
Advanced Leadership Principles,Delia Owens,Fiction,Simon & Schuster,20.62,3.7,1113,1579,2025
Advanced Fitness Strategies,Malcolm Gladwell,Business,O'Reilly Media,39.88,4.0,582,2149,2016
Complete AI Bible,Malcolm Gladwell,Self-Help,Macmillan,19.34,3.4,429,1503,2021
War Anthology,Walter Isaacson,Fantasy,Penguin Random House,23.75,4.5,213,1288,2011
Modern Mystery: The Secrets,Brene Brown,Mystery,O'Reilly Media,27.49,4.1,741,1809,2015
Hidden Money Trilogy,Alex Michaelides,Biography,Simon & Schuster,11.08,3.8,144,2763,2011
Time Masterclass,Tara Westover,Non-Fiction,Indie Pub,14.66,4.9,705,2802,2022
The Ultimate Gardening Workbook,Tara Westover,Science Fiction,O'Reilly Media,32.1,4.4,903,1825,2020
Modern Baking Trilogy,Robert Kiyosaki,Mystery,Indie Pub,15.38,3.9,1860,870,2021
Baking Anthology,Yuval Noah Harari,Science,Hachette,500.0,4.2,409,1139,2025
Hidden Fitness Collection,Malcolm Gladwell,Cooking,Amazon KDP,18.42,5.0,1339,2182,2021
Meditation Trilogy,Alex Michaelides,Business,Simon & Schuster,21.07,4.6,303,4468,2017
Money Guide,Agatha Christie,Cooking,Macmillan,13.85,4.8,285,916,2014
Business Trilogy,Neil Gaiman,Business,O'Reilly Media,36.97,3.8,6188,1185,2014
Past Leadership Handbook,Tim Ferriss,Science Fiction,O'Reilly Media,27.25,4.2,456,1488,2019
Modern Money Masterclass,Robert Kiyosaki,Cooking,Simon & Schuster,15.13,3.9,607,1623,2011
Secret Fitness Framework,Tim Ferriss,History,Hachette,12.53,4.6,224,1267,2021
Advanced Leadership: The Trilogy,Neil Gaiman,Non-Fiction,HarperCollins,13.61,4.4,978,2252,2021
Lost Time Bible,Simon Sinek,Business,Indie Pub,32.85,3.9,498,1441,2020
Essential Baking System,Brand New Author,Cooking,Hachette,9.57,4.8,10210,1869,2024
Beginner's Meditation System,Brand New Author,Cooking,Amazon KDP,8.24,4.5,381,4246,2012
Lost Love Saga,Simon Sinek,Technology,Hachette,27.74,4.4,396,2227,2022
Meditation Principles,Neil Gaiman,History,Simon & Schuster,15.43,3.8,44,17812,2015
Complete Data Science Anthology,Colleen Hoover,Science Fiction,Macmillan,15.88,4.3,2306,626,2015
Complete AI Principles,Michelle Obama,Romance,Penguin Random House,19.61,4.8,1669,911,2022
Advanced History Collection,Stephen King,Mystery,HarperCollins,25.28,3.7,1242,1292,2022
Dark Love System,Stephen King,Fantasy,Simon & Schuster,17.78,4.1,537,1225,2015
Essential Marketing Chronicles,Walter Isaacson,Health,O'Reilly Media,34.88,4.2,196,1462,2018
Dark Marketing Methods,Brand New Author,Mystery,O'Reilly Media,26.45,4.0,360,2230,2023
Beginner's Space Principles,Walter Isaacson,Technology,Macmillan,37.13,3.9,147,1704,2012
Future Cooking Framework,Simon Sinek,Business,Penguin Random House,30.11,3.3,187,1089,2010
Python Journal,Walter Isaacson,Science,Penguin Random House,34.35,4.5,326,1285,2025
Advanced Space Trilogy,Simon Sinek,Biography,Macmillan,4.99,4.7,417,3325,2010
Mystery Secrets,Agatha Christie,Cooking,Macmillan,9.93,4.3,204,1933,2015
Future Design Principles,Colleen Hoover,Science,Amazon KDP,20.52,4.5,339,1088,2017
Complete Baking Story,Delia Owens,Science,Hachette,29.29,3.5,678,1531,2023
Forgotten Money Strategies,Robert Kiyosaki,Science,O'Reilly Media,38.5,3.9,16357,840,2024
AI Methods,James Clear,Technology,Simon & Schuster,32.32,5.0,1587,833,2011
Essential Python Anthology,Stephen King,Science,O'Reilly Media,41.86,4.8,832,1139,2010
Love Collection,Tim Ferriss,Self-Help,Amazon KDP,20.48,4.1,100,2667,2019
The Ultimate Fitness: The Workbook,Michelle Obama,Science Fiction,Indie Pub,16.0,4.0,3402,1012,2012
Past Fitness Workbook,Delia Owens,Fiction,O'Reilly Media,29.79,3.1,1195,1954,2015
Lost Meditation Handbook,James Clear,Health,HarperCollins,11.97,4.3,3460,959,2017
Dark History System,George R.R. Martin,Self-Help,HarperCollins,5.62,3.6,224,2358,2016
Modern Gardening Framework,Michelle Obama,Business,HarperCollins,21.88,3.1,526,1038,2018
Beginner's Python Chronicles,Malcolm Gladwell,Non-Fiction,HarperCollins,19.49,3.6,1448,1324,2017
Machine Learning Anthology,Brene Brown,Biography,HarperCollins,13.99,4.5,907,2005,2022
Money Bible,Brand New Author,Science Fiction,Simon & Schuster,16.33,4.9,815,1936,2021
Dark Cooking Trilogy,Brand New Author,Fantasy,Indie Pub,18.52,4.9,715,1520,2011
Secret Love Collection,Robert Kiyosaki,Biography,Simon & Schuster,17.05,4.8,4181,972,2025
Essential Fitness Handbook,Malcolm Gladwell,Science Fiction,Penguin Random House,12.78,4.4,543,2474,2022
Essential Marketing Framework,George R.R. Martin,History,Hachette,15.99,4.7,4172,1311,2025
Essential Time Methods,George R.R. Martin,Technology,Hachette,25.95,4.4,245,1452,2015
Dark Business Workbook,Brene Brown,Health,Indie Pub,24.05,3.9,281,1523,2024
Data Science Trilogy,J.K. Rowling,Science Fiction,Penguin Random House,9.55,3.5,236,2915,2021
History System,Agatha Christie,Health,Macmillan,15.08,5.0,355,1135,2025
Complete Machine Learning Story,Tim Ferriss,Cooking,HarperCollins,17.55,4.6,365,1416,2013
Complete Machine Learning Workbook,Michelle Obama,Business,Macmillan,19.54,4.8,1398,848,2013
Forgotten Data Science Guide,Walter Isaacson,Fantasy,Hachette,9.12,3.7,1128,1610,2011
Marketing Journal,Walter Isaacson,Self-Help,,17.32,3.6,996,2344,2024
Bright Data Science Methods,Dale Carnegie,Health,Penguin Random House,17.76,4.5,311,1599,2018
Gardening Strategies,Malcolm Gladwell,Fiction,HarperCollins,16.3,3.2,143,2549,2013
Leadership Framework,Yuval Noah Harari,Romance,Simon & Schuster,16.75,4.1,425,2583,2023
Essential Marketing Workbook,George R.R. Martin,Fantasy,Amazon KDP,18.4,4.6,316,2274,2013
Secret War: The Framework,Tim Ferriss,Romance,Simon & Schuster,16.68,3.4,1220,1310,2024
Advanced Mystery Trilogy,Neil Gaiman,Cooking,Indie Pub,18.78,4.1,225,1606,2017
Hidden Python Handbook,Brene Brown,Science Fiction,Indie Pub,14.8,4.9,939,1485,2024
History Secrets,Brand New Author,Science,Penguin Random House,30.41,4.9,442,4209,2014
Leadership Story,Tim Ferriss,Self-Help,Penguin Random House,16.93,4.7,5372,1392,2018
Modern Love Secrets,Michelle Obama,Fiction,O'Reilly Media,31.25,4.5,1397,827,2021
Forgotten Gardening Bible,Brene Brown,Self-Help,Hachette,18.24,5.0,358,1230,2012
Bright Leadership Masterclass,Tim Ferriss,Science Fiction,O'Reilly Media,32.5,3.1,317,4542,2015
The Ultimate War Framework,Simon Sinek,Mystery,Penguin Random House,23.13,4.3,374,1477,2022
Design Guide,Neil Gaiman,Health,Amazon KDP,24.77,4.9,242,1430,2013
Beginner's Marketing Story,Agatha Christie,Fantasy,Penguin Random House,24.81,4.9,1376,1997,2019
Bright Mystery Collection,Tara Westover,Technology,Macmillan,21.29,5.0,1379,2481,2014
Future Mystery Story,Brand New Author,Biography,HarperCollins,17.81,3.9,2363,3086,2017
The Ultimate Marketing Workbook,Tim Ferriss,Business,HarperCollins,28.32,4.6,3635,1301,2025
Cooking Anthology,Colleen Hoover,Science,Amazon KDP,27.07,4.8,1350,773,2023
Advanced Marketing Saga,Malcolm Gladwell,Romance,O'Reilly Media,17.35,3.6,560,2269,2022
Leadership Bible,Yuval Noah Harari,Self-Help,HarperCollins,21.93,5.0,2656,2178,2018
Beginner's Love Guide,Neil Gaiman,Fiction,Amazon KDP,12.67,4.0,714,1298,2021
Future Time Story,Simon Sinek,Biography,Simon & Schuster,15.98,4.5,112,2870,2021
Essential Data Science Masterclass,Michelle Obama,History,Macmillan,18.15,3.9,2054,1191,2016
Python System,Michelle Obama,Science Fiction,Macmillan,16.27,4.7,1125,859,2014
Beginner's Gardening Trilogy,Robert Kiyosaki,Science Fiction,Hachette,12.42,4.1,944,861,2024
Essential Python Workbook,Malcolm Gladwell,Self-Help,Hachette,14.12,4.1,238,2562,2025
Modern Gardening Principles,Tara Westover,Mystery,Penguin Random House,13.72,4.4,424,2213,2018
Modern Love Masterclass,George R.R. Martin,Non-Fiction,Penguin Random House,19.37,3.7,111,2702,2012
AI System,Simon Sinek,Non-Fiction,Amazon KDP,12.56,3.6,198,2327,2017
Lost Marketing Guide,Brand New Author,History,HarperCollins,12.72,3.9,1516,1195,2015
Bright Baking Guide,Yuval Noah Harari,Non-Fiction,Hachette,12.94,3.8,595,1626,2020
Secret Fitness Handbook,Dale Carnegie,Technology,Indie Pub,27.87,4.4,99,7001,2019
Advanced Cooking: The System,Brene Brown,Fantasy,Amazon KDP,15.92,4.0,1473,962,2010
Dark Design Secrets,Stephen King,Cooking,HarperCollins,14.52,3.8,594,1550,2022
Beginner's Time: The Trilogy,Yuval Noah Harari,Cooking,,19.58,3.9,525,1694,2023
Business Story,Malcolm Gladwell,Business,Simon & Schuster,33.69,4.6,2723,2294,2016
Secret AI Chronicles,Stephen King,Cooking,Simon & Schuster,17.41,3.5,1591,931,2020
Space Methods,Stephen King,Technology,Penguin Random House,23.61,3.8,1113,855,2020
Essential Python Principles,Brene Brown,History,Simon & Schuster,14.74,4.2,2925,1189,2016
The Ultimate Love Bible,Alex Michaelides,Mystery,Macmillan,24.76,3.7,77,2343,2017
Mystery Anthology,Walter Isaacson,Science Fiction,Simon & Schuster,22.81,4.1,505,1549,2025
Hidden Python Principles,Stephen King,History,Simon & Schuster,24.52,4.4,12186,754,2016
Lost Design Anthology,Yuval Noah Harari,Cooking,Macmillan,16.48,3.6,861,5084,2016
Future Machine Learning Workbook,Tim Ferriss,Science Fiction,O'Reilly Media,31.08,3.8,155,3564,2017
Lost Time Handbook,Tim Ferriss,Science Fiction,,11.96,4.6,226,2549,2011
Secret Machine Learning Strategies,Tara Westover,Self-Help,Amazon KDP,9.48,3.9,1839,1837,2011
Baking Journal,George R.R. Martin,Science,Amazon KDP,21.41,4.3,1476,2203,2019
Dark Time Bible,Brand New Author,Science,Penguin Random House,27.34,4.5,198,1675,2014
Bright Marketing: The Story,Tara Westover,Science Fiction,HarperCollins,17.04,3.8,189,2280,2015
Lost Leadership Strategies,Neil Gaiman,Cooking,Indie Pub,17.67,4.4,500,1057,2024
Bright Baking Masterclass,Colleen Hoover,History,Hachette,4.99,3.7,662,1463,2020
Bright Mystery Saga,Robert Kiyosaki,Fiction,O'Reilly Media,25.32,4.1,1160,1154,2021
Essential War Story,J.K. Rowling,Mystery,Amazon KDP,4.99,4.4,5,100000,2022
Modern Time Methods,Stephen King,Business,Simon & Schuster,11.26,4.9,531,1111,2011
Fitness Guide,J.K. Rowling,Fantasy,HarperCollins,13.07,3.1,1009,1140,2014
Lost Meditation Strategies,Walter Isaacson,History,O'Reilly Media,33.84,5.0,902,1841,2010
Forgotten Design Guide,Walter Isaacson,Mystery,O'Reilly Media,19.58,4.6,1008,743,2023
Essential Machine Learning Framework,Delia Owens,Self-Help,Hachette,14.77,4.4,234,2408,2016
Complete Machine Learning Masterclass,Stephen King,Non-Fiction,Penguin Random House,7.41,3.9,758,869,2019
Bright Design Trilogy,J.K. Rowling,Cooking,Simon & Schuster,12.75,4.4,439,1330,2019
Modern War Framework,George R.R. Martin,Business,Indie Pub,21.35,5.0,1293,1534,2011
Essential AI Principles,Colleen Hoover,Cooking,Amazon KDP,14.12,5.0,1250,882,2012
Forgotten Machine Learning Masterclass,Tara Westover,Technology,Amazon KDP,21.41,4.2,534,1540,2016
History Journal,Tara Westover,Mystery,HarperCollins,15.46,4.3,668,1332,2025
Money Saga,Tim Ferriss,Mystery,Hachette,22.89,4.0,1662,1434,2021
History Strategies,Walter Isaacson,Science Fiction,O'Reilly Media,25.55,4.9,1659,1447,2015
Complete Gardening Journal,Robert Kiyosaki,Non-Fiction,Penguin Random House,11.98,4.3,223,866,2024
Dark Gardening Guide,Michelle Obama,Cooking,Indie Pub,19.98,4.4,2289,828,2021
Business Trilogy,Malcolm Gladwell,Fantasy,Hachette,16.62,2.7,294,3697,2018
Bright Leadership Guide,James Clear,Technology,HarperCollins,24.07,4.6,3252,1026,2020
Lost Money: The Handbook,J.K. Rowling,Health,Macmillan,17.33,5.0,311,1243,2020
Past Marketing System,Stephen King,Fantasy,O'Reilly Media,34.66,3.6,2965,1049,2014
Dark War Trilogy,Neil Gaiman,History,Penguin Random House,10.88,3.7,222,2643,2019
Love Bible,James Clear,Romance,Macmillan,26.12,3.9,1348,1054,2020
Baking Workbook,Brene Brown,Business,Penguin Random House,15.9,4.2,81,1805,2020
Machine Learning Principles,Brand New Author,Business,HarperCollins,18.16,4.3,2232,1114,2019
Past History Strategies,Colleen Hoover,Cooking,O'Reilly Media,36.32,4.3,1430,1203,2017
The Ultimate Gardening Bible,Simon Sinek,Romance,Simon & Schuster,21.32,4.3,1569,1325,2013
War Anthology,Tara Westover,History,Penguin Random House,6.73,4.2,272,3246,2025
Past AI Saga,Tara Westover,Science Fiction,Hachette,9.35,4.5,4475,1017,2020
Bright Business Masterclass,Stephen King,Fantasy,Macmillan,15.36,4.2,369,1044,2011
The Ultimate AI Saga,Simon Sinek,Non-Fiction,Penguin Random House,21.29,4.1,351,3973,2012
Advanced War Strategies,Simon Sinek,Biography,Penguin Random House,5.46,5.0,84,7817,2019
Fitness Story,Simon Sinek,Self-Help,Hachette,17.78,3.4,378,4293,2020
AI Strategies,Brene Brown,Business,HarperCollins,30.41,4.9,369,2464,2010
Bright History Secrets,Dale Carnegie,Romance,Indie Pub,8.56,4.7,123,4533,2018
The Ultimate Cooking Guide,Colleen Hoover,Business,Hachette,22.4,4.5,467,1363,2020
Hidden Mystery Chronicles,Michelle Obama,History,HarperCollins,21.0,4.8,601,1102,2022
Past Gardening Trilogy,Brand New Author,Science Fiction,O'Reilly Media,20.65,4.4,510,2368,2021
Lost AI: The Collection,George R.R. Martin,Fiction,Simon & Schuster,12.45,3.9,42,1972,2012
Design Principles,George R.R. Martin,Science,O'Reilly Media,42.27,4.4,109,9657,2017
Time Anthology,Agatha Christie,Technology,Simon & Schuster,23.29,4.1,203,1872,2020
Lost Baking Methods,Colleen Hoover,Non-Fiction,O'Reilly Media,33.05,4.6,573,969,2013
Bright AI System,Dale Carnegie,Biography,Simon & Schuster,18.57,4.0,286,11109,2013
Hidden Meditation Secrets,Colleen Hoover,Romance,Hachette,17.13,4.1,365,694,2024
Advanced Leadership Journal,J.K. Rowling,Romance,O'Reilly Media,28.56,3.8,1945,2913,2022
Dark Data Science Anthology,Neil Gaiman,Biography,Indie Pub,12.22,4.0,162,1848,2017
Past Time Chronicles,Alex Michaelides,Fiction,O'Reilly Media,31.59,3.9,394,2307,2020
Forgotten Mystery System,Agatha Christie,Science,HarperCollins,17.43,4.2,3263,1772,2013
Python Story,Michelle Obama,History,HarperCollins,16.13,5.0,319,878,2016
Forgotten Time Strategies,Stephen King,Fantasy,O'Reilly Media,31.01,5.0,637,753,2019
Bright Love: The Bible,Tim Ferriss,Self-Help,Hachette,23.88,4.1,771,1637,2019
Marketing Handbook,James Clear,Mystery,Amazon KDP,21.0,3.9,143,972,2014
Meditation Journal,Delia Owens,Non-Fiction,,14.07,4.8,531,1779,2013
Space Trilogy,Alex Michaelides,Science Fiction,Amazon KDP,5.24,4.6,53,3042,2020
Hidden Love Journal,J.K. Rowling,Self-Help,O'Reilly Media,29.53,4.8,246,1712,2014
Dark Python Story,Simon Sinek,Business,Simon & Schuster,30.21,4.5,541,1621,2014
Dark Space Collection,Walter Isaacson,Science Fiction,Amazon KDP,11.47,4.7,3492,1490,2014
Hidden Marketing Collection,Brand New Author,Biography,Amazon KDP,11.35,4.5,157,1747,2015
The Ultimate Leadership Anthology,Dale Carnegie,Cooking,Macmillan,22.25,4.1,39,7934,2015
Machine Learning Handbook,Yuval Noah Harari,Health,Hachette,13.5,4.3,675,2182,2023
Bright Data Science Story,Walter Isaacson,Mystery,Indie Pub,14.03,5.0,995,2866,2013
Secret Design Bible,Tara Westover,Science Fiction,Hachette,17.58,4.0,943,1731,2024
Beginner's Marketing Guide,Walter Isaacson,Self-Help,HarperCollins,14.3,4.9,140,1054,2019
Future History Methods,George R.R. Martin,History,O'Reilly Media,30.36,4.2,382,2394,2020
Lost Leadership Chronicles,Michelle Obama,Business,Hachette,16.34,4.7,1353,769,2018
Complete Cooking Saga,Michelle Obama,Mystery,Hachette,19.76,4.1,1277,1256,2010
Modern Fitness Guide,Brene Brown,Fiction,,19.23,3.9,339,2669,2014
Beginner's Baking Principles,Robert Kiyosaki,Science Fiction,,17.16,4.1,539,914,2014
War Bible,Yuval Noah Harari,Biography,O'Reilly Media,34.45,4.0,744,3118,2015
Mystery Secrets,Brand New Author,Business,Simon & Schuster,10.47,3.4,221,1599,2025
Past Love Handbook,George R.R. Martin,Fantasy,Simon & Schuster,8.81,4.4,1970,1916,2016
Hidden Money Methods,Brene Brown,Fantasy,,11.97,3.9,373,1691,2011
Hidden Money Principles,Delia Owens,History,Macmillan,9.23,4.3,101,6682,2022
Future Time Workbook,Tara Westover,Business,Amazon KDP,24.52,4.5,161,2399,2010
Space Principles,Tim Ferriss,Fantasy,Penguin Random House,8.41,3.8,240,1526,2013
Forgotten Mystery Collection,Brene Brown,Technology,Hachette,17.67,4.5,1060,2501,2013
Essential War Trilogy,Yuval Noah Harari,Biography,Macmillan,19.89,4.0,200,1654,2020
Secret AI Collection,James Clear,Non-Fiction,HarperCollins,11.1,4.9,382,789,2010
The Ultimate Design Bible,Yuval Noah Harari,Technology,Hachette,34.46,4.6,574,1154,2018
Design Story,Brand New Author,Non-Fiction,Macmillan,26.41,3.3,81,2656,2013
Modern History Collection,Alex Michaelides,Cooking,Simon & Schuster,18.56,4.4,85,8105,2013
War Principles,Colleen Hoover,Fantasy,O'Reilly Media,30.93,5.0,1355,921,2018
Beginner's Machine Learning Principles,Colleen Hoover,Business,Hachette,20.24,4.6,399,1156,2011
Advanced Design Workbook,Brene Brown,Health,Simon & Schuster,19.5,3.6,2580,1265,2024
Hidden Gardening Masterclass,Walter Isaacson,Business,HarperCollins,33.34,5.0,1679,1242,2014
Forgotten Fitness Collection,Brene Brown,History,HarperCollins,6.72,4.6,93,5125,2011
Fitness Story,Walter Isaacson,Non-Fiction,Simon & Schuster,9.75,4.5,2565,1534,2010
Future Money Anthology,Tim Ferriss,Science Fiction,Amazon KDP,16.42,4.8,129,3306,2010
Bright Money Masterclass,Agatha Christie,Cooking,HarperCollins,18.9,3.2,324,2031,2017
Hidden Machine Learning Bible,Delia Owens,Mystery,Indie Pub,14.65,4.3,245,1133,2020
History Strategies,Delia Owens,Technology,Indie Pub,30.04,4.7,299,4015,2012
Modern Mystery Masterclass,Delia Owens,Business,Penguin Random House,25.06,5.0,202,931,2022
Gardening Story,Dale Carnegie,Fantasy,O'Reilly Media,29.14,3.8,1017,1528,2012
Complete Marketing Methods,Malcolm Gladwell,Non-Fiction,Penguin Random House,16.14,4.3,234,7786,2017
The Ultimate War Handbook,Delia Owens,History,O'Reilly Media,38.19,4.3,1027,1405,2010
Marketing Story,Robert Kiyosaki,Cooking,Macmillan,10.59,5.0,3464,945,2024
Essential Money Guide,Alex Michaelides,Science Fiction,Macmillan,13.81,4.8,327,1235,2012
Baking Handbook,Brand New Author,History,Penguin Random House,18.33,4.0,369,1125,2017
AI Masterclass,Robert Kiyosaki,Science,O'Reilly Media,41.16,3.8,749,1076,2015
Mystery System,Brand New Author,History,Macmillan,19.41,4.9,257,1552,2012
Machine Learning Chronicles,Alex Michaelides,Fiction,Simon & Schuster,20.85,4.5,570,1898,2020
Hidden Baking Framework,Colleen Hoover,Technology,HarperCollins,20.69,4.9,116,994,2018
AI Workbook,J.K. Rowling,Romance,O'Reilly Media,22.19,4.1,575,1248,2017
The Ultimate Baking Bible,J.K. Rowling,Biography,Penguin Random House,16.86,3.0,2653,1556,2025
Future Money Story,Alex Michaelides,Science Fiction,Hachette,21.38,3.7,229,1302,2023
Essential Design Handbook,Stephen King,Self-Help,Hachette,23.38,5.0,319,989,2024
Future History Framework,J.K. Rowling,Mystery,O'Reilly Media,31.69,3.7,387,3200,2012
Secret AI Framework,James Clear,Cooking,Macmillan,20.5,4.7,2063,824,2016
Fitness Handbook,Delia Owens,Health,Macmillan,23.81,4.4,214,1428,2024
Essential Machine Learning Handbook,Robert Kiyosaki,Self-Help,Simon & Schuster,25.43,4.4,694,1002,2025
Beginner's Design Collection,Dale Carnegie,Fantasy,Hachette,14.73,5.0,932,3294,2016
The Ultimate Money Saga,Robert Kiyosaki,Non-Fiction,Penguin Random House,20.98,4.3,174,1220,2015
Beginner's Space Strategies,Colleen Hoover,Fiction,Macmillan,20.52,4.2,1291,772,2024
Complete Meditation Journal,Tim Ferriss,Science Fiction,Macmillan,9.54,3.4,1663,1499,2013
Forgotten Money Handbook,Malcolm Gladwell,Health,Amazon KDP,22.95,3.5,2492,1626,2017
Beginner's Cooking Collection,Stephen King,Cooking,Macmillan,8.17,5.0,1934,854,2024
Essential Machine Learning Handbook,Malcolm Gladwell,Science Fiction,Indie Pub,18.53,4.8,161,2215,2018
Essential War Secrets,Stephen King,Science,HarperCollins,20.18,5.0,1148,655,2024
Secret Meditation Bible,Brand New Author,Science,Simon & Schuster,33.39,4.0,281,2115,2015
Past Time Principles,Tara Westover,Cooking,O'Reilly Media,32.14,4.1,284,1940,2016
Forgotten Meditation Story,Neil Gaiman,Non-Fiction,Macmillan,15.39,3.7,117,13467,2017
Lost Business Handbook,James Clear,Mystery,Amazon KDP,9.23,3.5,110,1509,2011
AI Collection,Tara Westover,Cooking,Amazon KDP,11.45,4.6,644,916,2025
Hidden Gardening Story,Yuval Noah Harari,History,HarperCollins,17.0,3.6,486,1900,2010
Dark History Chronicles,Simon Sinek,Technology,Macmillan,32.25,3.7,160,1160,2012
Essential Mystery Chronicles,George R.R. Martin,Science Fiction,Penguin Random House,13.6,3.8,841,1972,2024
War Saga,Dale Carnegie,Biography,O'Reilly Media,40.83,4.7,665,1858,2010
Forgotten Marketing Strategies,Simon Sinek,Non-Fiction,Amazon KDP,20.53,4.2,171,2582,2018
Dark Love Handbook,Colleen Hoover,Biography,Indie Pub,19.31,4.1,212,972,2011
Beginner's Love Chronicles,Agatha Christie,Fiction,Indie Pub,14.63,3.5,4923,1460,2024
Beginner's Meditation Trilogy,Delia Owens,Fantasy,HarperCollins,17.53,4.0,7733,1253,2016
Modern Business Journal,Walter Isaacson,Fiction,Macmillan,17.46,4.2,746,1628,2017
Lost Business Saga,Michelle Obama,Science,HarperCollins,27.18,4.3,976,2026,2021
Beginner's Data Science Strategies,Robert Kiyosaki,Health,O'Reilly Media,28.89,4.3,717,709,2019
Data Science Masterclass,Colleen Hoover,History,HarperCollins,24.96,4.1,480,1199,2022
Past Gardening Saga,Brene Brown,Business,HarperCollins,29.2,3.9,148,1846,2014
Cooking Anthology,James Clear,Fantasy,Hachette,11.96,4.7,1813,844,2023
Complete Python Secrets,Neil Gaiman,Technology,O'Reilly Media,31.12,4.9,917,1402,2010
Dark War Anthology,Tara Westover,Health,Indie Pub,17.22,4.9,1467,1086,2023
Essential History Chronicles,Tara Westover,Mystery,O'Reilly Media,32.61,4.6,6602,1469,2024
Modern Machine Learning Story,Brene Brown,Biography,Macmillan,17.87,4.3,122,2248,2025
Essential Marketing Methods,Simon Sinek,Technology,O'Reilly Media,40.73,5.0,204,5644,2015
The Ultimate War Story,J.K. Rowling,Business,Simon & Schuster,33.48,3.8,243,3679,2015
Bright Machine Learning System,Brene Brown,History,Indie Pub,13.06,3.6,258,2396,2015
Essential Marketing Methods,Stephen King,Technology,Indie Pub,24.36,5.0,58,919,2024
Beginner's Cooking: The Guide,James Clear,Fiction,Amazon KDP,20.44,3.9,1451,701,2025
Modern Leadership Story,Delia Owens,Science Fiction,Indie Pub,23.48,4.7,1028,1137,2019
Bright Money Handbook,Alex Michaelides,Biography,O'Reilly Media,30.88,4.3,154,4298,2020
Forgotten Meditation Collection,Delia Owens,Business,HarperCollins,22.73,4.2,416,2191,2019
Advanced Leadership Saga,Colleen Hoover,Technology,Indie Pub,25.26,3.6,384,1269,2011
Past Time Bible,Brene Brown,Self-Help,Macmillan,24.89,4.9,249,12678,2010
Forgotten Business Handbook,Agatha Christie,Romance,,13.49,4.2,124,5574,2025
Mystery Framework,Dale Carnegie,Fantasy,Amazon KDP,9.95,4.5,1833,2519,2014
Lost Marketing Bible,Simon Sinek,Non-Fiction,Indie Pub,15.38,4.1,130,5540,2021
Future Space Journal,George R.R. Martin,Self-Help,Amazon KDP,17.48,5.0,988,1686,2024
Lost Business System,Alex Michaelides,Business,HarperCollins,29.08,4.0,408,2039,2014
Dark Fitness Journal,Alex Michaelides,Fiction,,20.9,4.2,391,2669,2012
Past Mystery Methods,Delia Owens,Business,O'Reilly Media,37.49,4.2,311,4434,2014
Marketing Collection,Walter Isaacson,Romance,Penguin Random House,17.5,3.8,1333,2542,2019
Dark Money Masterclass,James Clear,Self-Help,Penguin Random House,23.56,4.4,1004,1537,2014
Bright Meditation Guide,Simon Sinek,Fantasy,Amazon KDP,11.02,3.1,3181,1130,2015
Beginner's Leadership Anthology,Brene Brown,Fiction,O'Reilly Media,32.51,5.0,3,100000,2012
Love Saga,Neil Gaiman,Mystery,Hachette,12.09,5.0,381,2149,2025
The Ultimate Cooking System,Alex Michaelides,Science Fiction,,10.84,5.0,1295,3451,2018
Beginner's Space Framework,Stephen King,History,Indie Pub,14.48,5.0,6117,1329,2015
Future Baking Masterclass,Simon Sinek,Non-Fiction,Hachette,18.39,4.1,321,2962,2012
History Principles,J.K. Rowling,Mystery,Indie Pub,16.65,3.7,1903,1265,2020
Business Methods,Dale Carnegie,Fantasy,HarperCollins,21.88,4.9,1118,1777,2021
Gardening Story,Walter Isaacson,Technology,Amazon KDP,19.44,3.4,289,2029,2020
Complete AI Story,Yuval Noah Harari,Romance,Macmillan,16.73,4.5,159,997,2013
Essential Time Saga,Walter Isaacson,Non-Fiction,Indie Pub,18.2,3.6,468,1906,2019
Past AI Secrets,Tim Ferriss,Biography,Simon & Schuster,16.16,4.8,39,2868,2019
Essential Data Science Journal,Stephen King,Business,Macmillan,29.79,5.0,1270,989,2019
Machine Learning Strategies,Robert Kiyosaki,Science Fiction,HarperCollins,16.12,5.0,876,846,2010
Modern Machine Learning Bible,Michelle Obama,Fiction,Penguin Random House,21.6,4.6,347,807,2025
Gardening Chronicles,James Clear,Science,HarperCollins,20.84,3.7,385,1146,2013
Bright Fitness Framework,Dale Carnegie,Fantasy,Penguin Random House,25.62,3.6,5228,1305,2012
Forgotten Python Saga,J.K. Rowling,Technology,Macmillan,25.36,3.7,120,4144,2012
AI Strategies,Malcolm Gladwell,Self-Help,Hachette,21.2,4.5,1224,2376,2015
Complete Baking Framework,Walter Isaacson,Romance,Indie Pub,26.52,4.8,719,4899,2015
Future War Masterclass,Neil Gaiman,Cooking,Macmillan,10.13,4.1,981,1425,2017
Marketing Handbook,Robert Kiyosaki,History,Simon & Schuster,10.88,4.5,8202,946,2025
Lost Design Methods,Tim Ferriss,Fiction,O'Reilly Media,33.91,4.7,156,2925,2013
Past Space Strategies,George R.R. Martin,Fantasy,Macmillan,8.25,4.3,638,1620,2023
Dark Money Masterclass,Colleen Hoover,Health,O'Reilly Media,29.1,4.9,2157,926,2021
Hidden Leadership Masterclass,George R.R. Martin,Cooking,,10.07,4.6,1463,2256,2013
Design Workbook,J.K. Rowling,Science Fiction,HarperCollins,8.14,4.2,78,1753,2021
Bright Leadership Principles,Yuval Noah Harari,Fiction,Amazon KDP,24.49,4.6,221,1959,2025
Hidden Money Saga,Agatha Christie,Biography,Indie Pub,7.29,3.9,1041,1743,2025
Lost Money Secrets,Stephen King,Science,O'Reilly Media,38.82,4.6,1751,870,2013
Money Guide,Stephen King,Fantasy,,13.3,4.7,1214,727,2013
Forgotten AI Bible,Agatha Christie,Business,Indie Pub,27.52,4.2,172,2157,2014
Dark Money Anthology,Tara Westover,Fantasy,,25.94,4.3,618,2095,2024
Space Masterclass,Brene Brown,Romance,Indie Pub,18.91,4.5,622,2416,2010
The Ultimate Machine Learning Chronicles,George R.R. Martin,Cooking,,22.22,4.4,388,2986,2022
Modern Mystery Anthology,Simon Sinek,Romance,Simon & Schuster,15.04,5.0,331,3537,2025
Past Baking Saga,Robert Kiyosaki,Biography,O'Reilly Media,28.2,4.7,1531,948,2025
Hidden Design Framework,Agatha Christie,Non-Fiction,Hachette,20.96,4.5,931,2230,2025
The Ultimate Cooking Framework,Simon Sinek,Biography,Indie Pub,19.29,4.6,1589,1761,2011
Hidden Love Framework,Alex Michaelides,Technology,,19.28,4.2,622,1505,2020
Dark History Bible,Dale Carnegie,Cooking,Penguin Random House,20.37,4.2,1547,2127,2017
The Ultimate Marketing System,Colleen Hoover,Science Fiction,Hachette,14.4,4.8,1101,1085,2013
Bright Money Guide,George R.R. Martin,Non-Fiction,Amazon KDP,18.02,4.3,9961,1204,2023
Future Money Masterclass,Agatha Christie,Technology,Amazon KDP,31.38,4.6,800,2129,2020
Future War Chronicles,Malcolm Gladwell,Science Fiction,Indie Pub,21.09,4.0,2180,1097,2025
Dark Data Science Trilogy,Simon Sinek,Mystery,Indie Pub,12.14,4.1,1948,1304,2023
Forgotten Mystery Secrets,Simon Sinek,Self-Help,Hachette,20.33,3.8,316,1264,2011
Forgotten Business Anthology,Colleen Hoover,Mystery,HarperCollins,14.3,5.0,628,942,2020
Modern Business Methods,Malcolm Gladwell,Cooking,Indie Pub,17.12,3.5,120,1968,2012
Modern Design Saga,Delia Owens,Cooking,Indie Pub,16.41,4.1,202,13608,2016
Secret Baking Anthology,Delia Owens,History,Simon & Schuster,31.22,4.1,802,1039,2010
Machine Learning Saga,George R.R. Martin,Self-Help,Hachette,19.98,3.6,202,960,2023
Bright History Journal,Dale Carnegie,Self-Help,O'Reilly Media,26.89,4.7,1013,1621,2014
History Chronicles,Tim Ferriss,Cooking,HarperCollins,9.0,3.8,86,27195,2016
Essential Gardening Guide,Brand New Author,Science,Macmillan,14.91,4.1,1832,1206,2022
Hidden Space Handbook,Simon Sinek,Self-Help,O'Reilly Media,27.71,3.5,461,1496,2025
Future Fitness Trilogy,J.K. Rowling,Self-Help,Hachette,11.43,4.3,833,1654,2014
Complete War Methods,Michelle Obama,Business,O'Reilly Media,35.02,4.3,109,1037,2010
Complete Mystery Story,Colleen Hoover,Health,Amazon KDP,22.14,4.4,392,1418,2021
Complete Meditation Masterclass,Robert Kiyosaki,Self-Help,HarperCollins,21.26,3.2,455,1098,2018
Space Strategies,Tim Ferriss,Biography,Indie Pub,15.52,4.2,1198,1100,2022
Fitness Handbook,Robert Kiyosaki,Business,Simon & Schuster,26.61,4.6,442,1002,2016
Hidden Money Secrets,Delia Owens,History,Indie Pub,16.13,4.9,189,1986,2013
Python Handbook,Stephen King,Science,Indie Pub,28.32,4.3,2966,917,2025
Modern Love Masterclass,Michelle Obama,Health,Macmillan,11.09,4.4,144,1179,2018
Hidden Fitness Methods,Yuval Noah Harari,Romance,O'Reilly Media,20.84,4.2,31,3932,2022
Time System,Yuval Noah Harari,Fiction,Hachette,14.25,3.6,153,2300,2016
Money Anthology,Neil Gaiman,Biography,Penguin Random House,17.32,3.8,534,2564,2018
Baking Principles,Neil Gaiman,Science Fiction,Indie Pub,15.91,4.0,1726,1040,2023
Past Marketing System,Colleen Hoover,Romance,Indie Pub,16.29,4.3,1160,868,2023
Future Cooking Guide,James Clear,History,Penguin Random House,14.18,4.0,497,744,2015
Complete Baking Secrets,Malcolm Gladwell,Cooking,Hachette,8.06,4.3,53,5557,2020
Past Cooking Principles,Stephen King,Romance,Amazon KDP,10.54,3.5,1141,906,2020
Hidden Love Chronicles,Alex Michaelides,Business,Indie Pub,28.27,4.4,245,1510,2019
Dark Design: The Secrets,Agatha Christie,Cooking,Macmillan,10.72,3.3,146,1924,2010
Mystery Journal,George R.R. Martin,Fiction,Macmillan,13.09,3.6,319,2104,2018
Leadership Masterclass,Brene Brown,Mystery,Simon & Schuster,13.0,4.3,529,1805,2012
Meditation Strategies,Tara Westover,Non-Fiction,Amazon KDP,11.65,4.4,288,1070,2024
Hidden Gardening Strategies,Brene Brown,Self-Help,Hachette,20.91,3.9,650,1255,2025
Future Cooking Guide,Simon Sinek,Health,Macmillan,20.18,4.0,271,1397,2023
Time Bible,Brene Brown,Science,Macmillan,36.19,4.0,294,1288,2024
Gardening Workbook,Walter Isaacson,Non-Fiction,Simon & Schuster,11.93,3.5,952,2792,2020
The Ultimate Machine Learning System,Neil Gaiman,Science Fiction,Hachette,28.04,4.0,1981,1502,2012
Secret Design Workbook,Walter Isaacson,Self-Help,Indie Pub,14.25,4.4,126,4686,2011
Leadership Chronicles,Agatha Christie,Science,Indie Pub,31.48,4.1,193,3589,2014
War Saga,J.K. Rowling,Science,O'Reilly Media,33.02,4.1,299,1617,2020
Essential Money Principles,Stephen King,Cooking,Hachette,12.74,4.1,836,1187,2013
Fitness Saga,Dale Carnegie,Science Fiction,Amazon KDP,13.14,5.0,487,2822,2019
Cooking Trilogy,Neil Gaiman,Technology,Simon & Schuster,25.7,4.3,174,1430,2020
Advanced Baking Handbook,George R.R. Martin,Health,Penguin Random House,9.51,4.8,97,4887,2016
Lost Machine Learning Collection,Brene Brown,History,Simon & Schuster,19.75,4.1,161,1335,2024
Past Cooking Masterclass,Delia Owens,Technology,O'Reilly Media,41.51,3.8,84,1868,2024
Essential Business Principles,Colleen Hoover,Technology,Macmillan,24.68,4.4,123,903,2019
Forgotten Baking Journal,Alex Michaelides,Mystery,Macmillan,15.72,4.5,1339,1492,2010
AI Workbook,Yuval Noah Harari,Fiction,O'Reilly Media,26.0,4.7,79,8445,2013
Complete Time Anthology,Alex Michaelides,Technology,HarperCollins,31.97,4.4,986,1557,2020
Time System,Brene Brown,History,Penguin Random House,12.22,3.7,2515,2109,2020
History System,Alex Michaelides,Science Fiction,Simon & Schuster,23.07,3.5,1639,2295,2016
Modern Baking Secrets,Michelle Obama,Biography,HarperCollins,17.93,4.3,207,1172,2022
Mystery Methods,Agatha Christie,Biography,HarperCollins,20.05,4.2,73,3021,2010
Hidden History Story,Stephen King,Fantasy,HarperCollins,14.56,4.5,2868,901,2019
Hidden Money Principles,Robert Kiyosaki,Technology,Indie Pub,34.28,3.7,738,957,2016
Design Chronicles,Brand New Author,Mystery,Amazon KDP,13.69,4.4,1130,2310,2012
Lost Meditation Story,Neil Gaiman,Cooking,HarperCollins,9.1,5.0,1046,1871,2011
Complete Money Methods,Tara Westover,History,HarperCollins,19.44,4.4,692,1533,2019
Modern Leadership Handbook,Stephen King,Business,Hachette,31.25,3.8,517,1363,2017
Hidden AI Collection,Colleen Hoover,Romance,Penguin Random House,16.9,3.3,685,802,2013
Complete Business Guide,Alex Michaelides,Fantasy,Hachette,12.94,4.4,1682,1017,2021
Space Methods,George R.R. Martin,Fiction,Simon & Schuster,13.6,3.8,408,4095,2015
Modern War Chronicles,Alex Michaelides,Technology,O'Reilly Media,50.92,3.9,343,1628,2024
Marketing Guide,J.K. Rowling,Self-Help,HarperCollins,14.54,4.3,2297,1329,2018
Lost Time Workbook,Agatha Christie,Non-Fiction,HarperCollins,11.34,4.6,922,1138,2010
Forgotten Love Workbook,Brand New Author,Health,O'Reilly Media,26.96,3.3,781,1746,2019
Advanced AI Guide,Simon Sinek,Biography,HarperCollins,25.08,3.9,711,945,2014
Essential Meditation Journal,Malcolm Gladwell,Science Fiction,Penguin Random House,16.74,4.3,738,1932,2016
Lost Cooking Anthology,Delia Owens,Health,Macmillan,17.53,3.7,1393,1266,2012
Time Anthology,James Clear,Cooking,HarperCollins,21.81,3.9,31056,752,2015
Forgotten Mystery Handbook,James Clear,History,O'Reilly Media,31.21,3.9,1014,1713,2017
Leadership Trilogy,James Clear,Technology,HarperCollins,34.62,4.3,192,956,2023
Forgotten Design Anthology,Michelle Obama,Science,O'Reilly Media,30.12,4.5,145,869,2022
Secret Data Science Principles,Michelle Obama,Self-Help,Penguin Random House,4.99,4.4,4841,1068,2023
Data Science Masterclass,Alex Michaelides,Health,O'Reilly Media,26.62,4.0,213,2122,2014
Future Design Principles,Colleen Hoover,Science,Amazon KDP,20.52,4.5,339,1088,2017
Cooking Guide,Delia Owens,Fiction,Macmillan,13.65,4.4,387,1654,2016
Future Mystery Bible,Tim Ferriss,Health,Penguin Random House,16.32,4.5,2225,1338,2016
Business Saga,Simon Sinek,History,HarperCollins,5.98,4.5,13,100000,2022
Past Data Science Collection,Neil Gaiman,Business,Simon & Schuster,25.3,4.4,818,1007,2018
Space Anthology,Malcolm Gladwell,Science Fiction,O'Reilly Media,30.8,4.8,774,1997,2019
Forgotten Design Anthology,Michelle Obama,Science,O'Reilly Media,30.12,4.5,145,869,2022
Secret Business Chronicles,Tim Ferriss,Non-Fiction,Penguin Random House,9.69,5.0,237,1681,2011
Essential Cooking Bible,Malcolm Gladwell,Business,Indie Pub,26.87,4.2,2156,941,2025
Secret Marketing Secrets,Robert Kiyosaki,Non-Fiction,Hachette,14.92,4.0,1257,896,2017
Modern Space Anthology,Stephen King,Fiction,O'Reilly Media,39.82,4.6,500,992,2019
Advanced War Bible,Tara Westover,Romance,Simon & Schuster,22.75,3.5,340,3264,2022
The Ultimate Meditation Anthology,Brand New Author,Romance,Macmillan,17.56,3.3,317,3622,2022
The Ultimate Gardening Bible,Simon Sinek,Romance,Simon & Schuster,21.32,4.3,1569,1325,2013
Past Meditation Story,Dale Carnegie,Self-Help,Indie Pub,11.41,4.8,654,1137,2023
Marketing Handbook,James Clear,Mystery,Amazon KDP,21.0,3.9,143,972,2014
Python Story,Michelle Obama,History,HarperCollins,16.13,5.0,319,878,2016
Cooking Chronicles,Dale Carnegie,Science Fiction,Macmillan,13.21,4.1,1200,1752,2023
Future Cooking Framework,Simon Sinek,Business,Penguin Random House,30.11,3.3,187,1089,2010
